date,GOLD,DJGRAIN,DJMETAL,WHEAT_F,SB_F,OIL_F
8/20/2021,1784,262.55,214.31,715,1292.25,62.32
8/19/2021,1783.1,268.55,213.85,727,1322.00,63.69
8/18/2021,1784.4,274.61,215.75,736.12,1350.75,65.46
8/17/2021,1787.8,274.88,218.08,733.5,1363.00,66.59
8/16/2021,1789.8,278.2,219.62,761.75,1374.12,67.29
8/13/2021,1778.2,278.6,219.91,762.5,1366.75,68.44
8/12/2021,1751.8,275.67,217.23,762,1365.25,69.09
8/11/2021,1753.3,271.22,217.96,750.75,1338.25,69.25
8/10/2021,1731.7,269.79,215.9,723.25,1337.12,68.29
8/9/2021,1726.5,267.78,213.77,726.25,1336.62,66.48
8/6/2021,1763.1,269.35,217.95,710.75,1327.38,68.28
8/5/2021,1808.9,267.72,221.87,720.62,1339.50,69.09
8/4/2021,1814.5,266.32,221.29,720,1338.75,68.15
8/3/2021,1814.1,267.21,222.24,713.12,1327.62,70.56
8/2/2021,1822.2,271.83,224.37,715.25,1327.25,71.26
7/30/2021,1817.2,267.41,223.88,725.25,1322.75,73.95
7/29/2021,1835.8,271.85,225.32,727.5,1345.88,73.62
7/28/2021,1804.6,267.62,221.35,705.25,1350.12,72.39
7/27/2021,1804,266.11,220.56,703.5,1348.38,71.65
7/26/2021,1803.4,266.18,222.53,704,1378.50,71.91
7/23/2021,1805.9,265.83,220.32,690.5,1361.00,72.07
7/22/2021,1809.2,270.06,219.41,675.12,1365.25,71.91
7/21/2021,1807.4,275.22,217.7,681.38,1366.50,70.3
7/20/2021,1811.4,274.28,218.18,679.4,1348.62,67.42
7/19/2021,1809.2,270.09,216.93,688.38,1367.50,66.42
7/16/2021,1815,271.56,220.58,710.75,1389.50,71.81
7/15/2021,1829,270.17,221.78,701.62,1393.75,71.65
7/14/2021,1825,269.7,220.39,699.12,1378.12,73.13
7/13/2021,1809.9,262.59,220.37,703.38,1413.88,75.25
7/12/2021,1805.9,262.11,219.71,693.9,1388.25,74.1
7/9/2021,1810.6,255.72,220.6,671.25,1379.62,74.56
7/8/2021,1800.2,255.88,217.38,653.12,1383.38,72.94
7/7/2021,1802.1,257.64,219,635,1351.25,72.2
7/6/2021,1794.2,257.06,218.12,639.12,1350.38,73.37
7/2/2021,1783.3,274.25,219.23,614.62,1331.62,76.25
7/1/2021,1776.8,276.62,217.23,614.5,1326.62,75.14
6/30/2021,1771.6,278.06,218.01,619.12,1320.00,75.16
6/29/2021,1763.6,261.25,217.92,623.75,1338.12,75.23
6/28/2021,1780.7,261.44,217.4,623.25,1313.25,73.47
6/25/2021,1777.8,252.3,217.42,651.25,1398.00,72.98
6/24/2021,1776.7,257.92,216.61,666.5,1394.50,72.91
6/23/2021,1783.4,259.9,216.39,678.62,1402.50,74.05
6/22/2021,1777.4,259.41,214.28,645.5,1310.25,73.3
6/21/2021,1782.9,264.31,213.28,656.25,1320.38,73.08
6/18/2021,1769,264.82,211.85,640.88,1268.88,73.06
6/17/2021,1774.8,253,213.37,634.8,1329.62,73.66
6/16/2021,1861.4,269.32,222.75,650.75,1371.50,71.64
6/15/2021,1856.4,272.71,222.07,659.62,1383.38,71.04
6/14/2021,1865.9,276.96,225.8,654,1393.62,72.15
6/11/2021,1879.6,286.15,225.79,667.5,1419.25,72.12
6/10/2021,1896.4,292.78,225.56,654.12,1373.25,70.88
6/9/2021,1895.5,294.84,225.69,661.9,1397.25,70.91
6/8/2021,1894.4,298.86,225.02,639.88,1334.12,70.29
6/7/2021,1898.8,299.99,224.47,664.5,1442.50,69.96
6/4/2021,1892,307.2,224.81,663.25,1469.12,70.05
6/3/2021,1873.3,299.95,222.15,674.5,1484.38,69.23
6/2/2021,1909.9,303.95,227.49,679.25,1500.25,69.62
6/1/2021,1905,304.92,227.73,680.6,1508.00,68.81
5/28/2021,1905.3,296.33,227.8,683.12,1545.00,68.83
5/27/2021,1898.5,299.13,227.1,680.5,1561.25,67.72
5/26/2021,1903.8,287.98,223.71,685.25,1584.62,66.96
5/25/2021,1900.5,288.83,222.88,682.88,1569.38,66.59
5/24/2021,1886.7,295.61,222.26,694,1605.75,66.32
5/21/2021,1878.9,297.21,221.09,684.9,1582.62,66.85
5/20/2021,1883.9,298.67,223.29,679.25,1550.38,66.21
5/19/2021,1881.5,298.76,223.26,689.75,1567.00,66.07
5/18/2021,1868,303.79,227.23,690.5,1545.00,66.05
5/17/2021,1867.6,304.52,226.9,673.62,1543.62,63.58
5/14/2021,1838.1,303.78,222.71,664.12,1528.50,62.05
5/13/2021,1824,308.88,221.66,664,1537.50,63.36
5/12/2021,1822.8,321.13,223.64,676.75,1506.75,65.49
5/11/2021,1836.1,320.63,225.81,648.88,1513.75,66.27
5/10/2021,1837.6,315.61,225.2,656.88,1525.38,65.37
5/7/2021,1831.3,321.55,225.83,664.5,1518.75,63.82
5/6/2021,1815.7,316.91,222.42,666.62,1524.25,66.08
5/5/2021,1784.3,312.08,218.8,672.5,1534.38,65.28
5/4/2021,1776,308.4,218.46,676.25,1548.12,64.92
5/3/2021,1791.8,303.71,218.12,683.25,1574.75,64.9
4/30/2021,1767.7,305.17,216.06,698.62,1589.38,64.71
4/29/2021,1768.3,297.93,216.12,703.5,1583.62,65.63
4/28/2021,1773.9,298.02,216.27,704.25,1591.00,65.69
4/27/2021,1778.8,301.11,216.19,707.9,1582.25,64.49
4/26/2021,1780.1,303.73,215.33,706.25,1641.00,63.58
4/23/2021,1777.8,295.45,212.87,732.88,1616.00,65.01
4/22/2021,1782,294.88,211.84,744,1586.62,63.86
4/21/2021,1793.1,284.8,212.75,728.75,1575.25,62.94
4/20/2021,1778.4,279.54,210.01,756.38,1589.50,61.91
4/19/2021,1770.6,275.17,210.68,763,1566.25,62.14
4/16/2021,1780.2,272.9,210.75,752.88,1546.50,61.43
4/15/2021,1766.8,272.29,210.73,745.75,1538.12,61.35
4/14/2021,1736.3,271.46,207.72,729,1523.00,62.44
4/13/2021,1747.6,266.8,206.24,721.75,1547.75,63.38
4/12/2021,1732.7,264.72,204.29,738.25,1535.62,63.13
4/9/2021,1744.8,268.91,206.59,735.3,1501.38,63.46
4/8/2021,1758.2,269.92,208.42,728.62,1507.88,63.15
4/7/2021,1741.6,265.86,206.42,720.12,1508.38,60.18
4/6/2021,1743,265.58,207.07,732.5,1542.38,59.7
4/5/2021,1728.8,265.2,203.77,736.5,1525.00,59.32
4/1/2021,1728.4,264.86,203.58,717.12,1540.12,59.6
3/31/2021,1715.6,269.41,202.71,712.8,1533.12,59.77
3/30/2021,1686,257.75,201.2,710.12,1499.12,59.33
3/29/2021,1714.6,262.46,204.22,674.25,1474.25,58.65
3/26/2021,1734.7,263.81,206.33,662.38,1450.50,61.45
3/25/2021,1727.3,264.06,203.6,651.25,1439.62,59.16
3/24/2021,1735.5,267.75,205.41,655,1433.25,60.55
3/23/2021,1727.5,267.29,204.84,652.8,1418.62,61.56
3/22/2021,1740.4,265.88,207.79,652.5,1409.75,60.97
3/19/2021,1743.9,267.28,207.69,648,1391.25,58.56
3/18/2021,1734.6,263.58,205.86,631.25,1384.62,61.18
3/17/2021,1727.1,268.59,205.9,630.5,1404.12,57.76
3/16/2021,1730.9,269.1,205.26,637.88,1402.88,61.55
3/15/2021,1729.2,267.86,206.89,638.8,1416.00,61.42
3/12/2021,1719.8,265.2,204.65,628.75,1408.00,60
3/11/2021,1722.6,265.4,205.36,616.75,1421.88,64.6
3/10/2021,1721.8,265.23,203.6,615.88,1414.00,64.8
3/9/2021,1716.9,270.3,203.26,621.88,1408.88,65.39
3/8/2021,1678,269.2,202.22,609.88,1401.88,65.61
3/5/2021,1698.5,269.11,202.72,608.4,1436.75,66.02
3/4/2021,1700.7,265.09,201.9,618.75,1368.38,64.44
3/3/2021,1715.8,265.64,206.81,602.75,1393.25,64.01
3/2/2021,1733.6,268.39,210.49,616.25,1401.25,65.05
3/1/2021,1723,264.15,207.57,615.25,1401.38,66.09
2/26/2021,1728.8,267.6,207.69,614.9,1414.12,63.83
2/25/2021,1775.4,269.61,215.09,611.75,1431.12,61.28
2/24/2021,1797.9,273.23,215.14,625.12,1421.62,59.75
2/23/2021,1805.9,269.66,213.7,634.62,1420.75,60.64
2/22/2021,1808.4,267.45,214.73,628.88,1418.12,61.5
2/19/2021,1777.4,264.29,211.61,627.25,1416.88,63.53
2/18/2021,1775,265.74,209.05,626.8,1390.75,63.22
2/17/2021,1772.8,265.44,207.33,629.88,1416.62,61.67
2/16/2021,1799,266.5,208.1,639.88,1422.75,61.49
2/12/2021,1823.2,261.46,208.5,646.88,1420.88,59.24
2/11/2021,1826.8,261.26,207.64,646.12,1409.62,60.52
2/10/2021,1842.7,259.04,207.76,638.38,1412.88,61.14
2/9/2021,1837.5,267.88,206.07,638.1,1413.00,60.05
2/8/2021,1834.2,268.34,204.55,644.25,1408.75,60.09
2/5/2021,1813,262.92,202.4,652,1440.25,60.37
2/4/2021,1791.2,263.29,199.3,656.5,1434.75,59.47
2/3/2021,1835.1,264.26,201.05,647,1433.12,58.24
2/2/2021,1833.4,260.97,199.84,655,1410.00,58.68
2/1/2021,1863.9,263.43,203.86,651,1407.25,58.36
1/29/2021,1850.3,264.48,201.37,654.75,1413.00,57.97
1/28/2021,1841.2,259.77,200.69,666.75,1392.25,56.85
1/27/2021,1848.9,262.54,200.54,650.25,1407.88,56.23
1/26/2021,1854.8,262.35,203.03,660.12,1408.25,55.69
1/25/2021,1859,255.33,203.36,659.6,1425.75,54.76
1/22/2021,1859.9,249.57,203.37,675.5,1408.00,53.55
1/21/2021,1869.3,260.69,204.2,682,1386.25,52.2
1/20/2021,1870.2,260.69,203.89,672.25,1379.50,52.34
1/19/2021,1840.2,263.23,201.53,673.5,1378.38,52.85
1/15/2021,1829.9,267.09,200.99,658.88,1374.25,52.61
1/14/2021,1851.4,268.31,204.2,653.12,1382.75,52.77
1/13/2021,1854.9,263.77,203.5,664.5,1385.00,52.27
1/12/2021,1844.2,264.11,202.74,644,1367.00,53.13
1/11/2021,1850.8,253.38,201.17,661.12,1371.12,53.24
1/8/2021,1835.4,254.48,202.59,637.75,1366.50,52.98
1/7/2021,1913.6,252.58,209.15,637.25,1353.50,52.36
1/6/2021,1908.6,253.71,207.77,637.75,1404.25,52.2
1/5/2021,1954.4,252.31,209.36,632,1389.25,52.36
1/4/2021,1946.6,247.01,207.36,634.25,1367.50,53.57
12/31/2020,1895.1,246.86,202.21,651.75,1367.38,52.91
12/30/2020,1893.4,244.32,203.43,657.25,1371.75,53.21
12/29/2020,1882.9,241,202.6,641.12,1371.00,52.25
12/28/2020,1880.4,235.47,203.84,641.38,1354.00,52.24
12/24/2020,1883.2,236.19,203.39,635.62,1366.00,50.83
12/23/2020,1878.1,235.29,202.65,647.5,1364.38,50.63
12/22/2020,1870.3,232.89,200.76,644.88,1367.50,49.93
12/21/2020,1882.8,231.69,203.95,652.75,1351.75,47.62
12/18/2020,1888.9,228.83,205.99,662.62,1373.75,48.52
12/17/2020,1890.4,226.35,205.7,662.5,1371.50,48.4
12/16/2020,1859.1,223.15,202.75,647.25,1346.25,48
12/15/2020,1855.3,222.97,202.05,656.5,1309.88,47.62
12/14/2020,1832.1,221.28,200.99,665,1368.00,48.23
12/11/2020,1843.6,221.77,200.59,649,1368.25,48.12
12/10/2020,1837.4,219.25,202.29,635,1383.75,47.02
12/9/2020,1838.5,219.06,200.31,658.75,1423.12,47.74
12/8/2020,1874.9,216.18,200.37,667,1414.50,49.1
12/7/2020,1866,218.48,200.39,673.25,1430.00,48.36
12/4/2020,1840,218.11,199.52,675,1406.25,47.82
12/3/2020,1841.1,220.16,198.27,670.5,1423.25,47.62
12/2/2020,1830.2,218.54,198.33,659.25,1371.25,46.99
12/1/2020,1818.9,218.07,198.82,664.75,1376.88,46.57
11/30/2020,1780.9,220.08,195.42,636,1357.00,46.78
11/27/2020,1788.1,224.95,195.17,638.5,1364.25,45.52
11/25/2020,1811.2,222.44,194,643.88,1350.50,45.6
11/24/2020,1810.9,225.38,194.38,647.5,1313.00,45.76
11/23/2020,1844.1,224.68,194.25,653.25,1310.25,46.26
11/20/2020,1872.4,222.59,197.57,643.25,1310.25,45.64
11/19/2020,1861.5,222.02,195.27,642.12,1297.00,45.28
11/18/2020,1873.9,222.94,195.76,641.75,1299.25,44.55
11/17/2020,1885.1,221.49,195.4,641.75,1253.75,45.34
11/16/2020,1887.8,219.73,195.1,639.5,1264.40,45.53
11/13/2020,1886.2,218.18,193.6,619.25,1264.40,44.98
11/12/2020,1873.3,217.35,192.57,614.75,1264.40,45.71
11/11/2020,1861.6,219.64,191.56,626.5,1261.25,44.91
11/10/2020,1876.4,220.01,192.21,627.1,1251.50,43.06
11/9/2020,1854.4,213.01,190.25,627.1,1247.25,42.15
11/6/2020,1951.7,211.91,194.54,630.75,1217.88,41.74
11/5/2020,1946.8,212.71,193.55,616,1201.50,41.82
11/4/2020,1896.2,210.16,190.71,611.5,1182.00,41.43
11/3/2020,1910.4,207.41,191.06,606.38,1185.75,41.34
11/2/2020,1892.5,205.59,188.83,607.88,1169.75,40.13
10/30/2020,1879.9,205.47,187.55,609.25,1160.90,41.12
10/29/2020,1868,205.19,186.82,598.25,1154.25,41.45
10/28/2020,1879.2,206.35,187.38,600.62,1159.00,41.36
10/27/2020,1911.9,211.26,190.03,596.75,1146.00,40.29
10/26/2020,1905.7,212.47,189.39,616.8,1156.75,37.14
10/23/2020,1905.2,213.43,190.59,598,1161.62,38.79
10/22/2020,1904.6,211.44,191.25,584,1166.75,39.15
10/21/2020,1929.5,211.48,192.74,569.75,1153.00,37.66
10/20/2020,1915.4,210.06,191.06,575.75,1163.25,36.81
10/19/2020,1911.7,208.16,189.69,576.62,1168.75,35.79
10/16/2020,1906.4,207.1,188.93,576.5,1193.62,36.17
10/15/2020,1908.9,208.16,188.37,584,1184.25,37.39
10/14/2020,1907.3,205.04,188.17,578,1194.00,39.57
10/13/2020,1894.6,202.99,187.36,575.38,1192.00,38.56
10/12/2020,1928.9,201.59,189.92,581,1181.62,39.85
10/9/2020,1926.2,205.45,189.49,595.75,1178.00,40.64
10/8/2020,1895.1,202.52,185.15,587.88,1173.75,40.03
10/7/2020,1890.8,203.89,184.46,587.62,1169.75,41.46
10/6/2020,1908.8,201.68,183.81,608.38,1154.75,40.83
10/5/2020,1920.1,198.03,184.57,599.5,1148.38,40.88
10/2/2020,1907.6,197.17,183.55,594,1146.00,40.96
10/1/2020,1916.3,197.71,182.65,592.88,1152.75,41.04
9/30/2020,1895.5,197.55,184.39,593,1146.50,40.2
9/29/2020,1903.2,190.26,185.32,599,1110.25,39.43
9/28/2020,1882.3,191.07,184.01,594.75,1103.12,40.6
9/25/2020,1866.3,190.98,181.62,598.38,1103.75,41.19
9/24/2020,1876.9,190.88,181.84,592.88,1085.25,39.95
9/23/2020,1868.4,193.07,182.69,587.5,1062.50,40.67
9/22/2020,1907.6,194.27,186.91,596.88,1055.25,39.22
9/21/2020,1910.6,194.37,186.51,607.75,1060.25,37.05
9/18/2020,1962.1,199.12,192.26,596.5,1056.88,38.72
9/17/2020,1949.9,195.92,191.38,601.12,1051.00,40.22
9/16/2020,1970.5,192.76,192.82,601.88,1058.75,39.29
9/15/2020,1966.2,189.62,192.29,609.75,1082.25,40.6
9/14/2020,1963.7,191.42,192.43,606.25,1085.00,40.25
9/11/2020,1947.9,190.7,190.35,608.5,1086.75,40.31
9/10/2020,1964.3,188.73,190.16,607.75,1070.88,39.93
9/9/2020,1954.9,187.79,190.09,596.75,1071.75,39.6
9/8/2020,1943.2,187.49,189.33,598.5,1065.25,39.31
9/4/2020,1934.3,186.74,190.33,602.88,1055.50,41.11
9/3/2020,1937.8,186.05,189.56,610.25,1051.25,40.97
9/2/2020,1944.7,186.82,191.8,615.5,1050.62,40.16
9/1/2020,1978.9,186.41,194.43,618.25,1062.12,38.28
8/31/2020,1978.6,185.49,193.55,634.75,1058.00,37.26
8/28/2020,1974.9,185.23,192.81,634.5,1042.50,37.33
8/27/2020,1932.6,184.4,190.08,622.12,1033.62,37.3
8/26/2020,1952.5,181.27,190.59,622.88,1065.62,38.05
8/25/2020,1923.1,180.62,188.52,633.38,1065.38,36.76
8/24/2020,1939.2,177.11,188.62,627,1050.38,39.2
8/21/2020,1947,176.82,188.53,630.5,1050.50,38.75
8/20/2020,1946.5,176.27,190.16,626.12,1041.38,39.77
8/19/2020,1970.3,176.79,191.91,618.75,1022.38,41.37
8/18/2020,2013.1,176.73,192.19,597.12,1017.88,41.51
8/17/2020,1998.7,177.93,190.21,594.62,1019.88,42.76
8/14/2020,1949.8,174.2,186.15,596.62,1024.25,42.61
8/13/2020,1970.4,174.26,187.38,592.88,1023.38,42.97
8/12/2020,1949,169.76,187.16,592.38,991.38,43.04
8/11/2020,1946.3,167.9,186.95,594.38,994.38,43.39
8/10/2020,2039.7,166.96,191.74,608.5,1001.38,43.35
8/7/2020,2028,165.68,189.36,589.62,998.12,42.62
8/6/2020,2069.4,167,192.69,584.62,1012.12,42.34
8/5/2020,2049.3,167.7,190.46,574.25,1019.75,42.58
8/4/2020,2021,167.34,187.48,573.12,1018.75,42.93
8/3/2020,1986.3,171.01,184.49,569.75,1039.75,42.89
7/31/2020,1985.9,171.16,183.07,575.12,1043.38,42.89
7/30/2020,1966.8,170.58,181.7,548.88,1027.75,42.01
7/29/2020,1976.7,170.53,183.46,549.62,1011.62,42.24
7/28/2020,1963.9,170.81,182.41,544.62,989.38,42.67
7/27/2020,1955.4,173.05,181.68,544.12,1002.12,41.61
7/24/2020,1897.5,173.99,178.88,551.88,997.25,41.94
7/23/2020,1890,173.67,179.66,548.38,976.88,41.22
7/22/2020,1865.1,173.56,177.72,558.75,978.62,41.95
7/21/2020,1843.9,172.1,176.67,554.75,972.12,42.19
7/20/2020,1817.4,173.21,172.96,575.62,968.88,41.7
7/17/2020,1810,174.4,171.91,577.12,966.25,41.01
7/16/2020,1800.3,173.6,172.38,556.75,962.75,40.27
7/15/2020,1813.8,173.17,172.86,542.38,952.88,39.92
7/14/2020,1813.4,171.08,173.26,536.5,950.62,41.27
7/13/2020,1814.1,171.29,174.62,546.38,955.50,41.04
7/10/2020,1801.9,174.61,171.73,542.12,951.88,41.6
7/9/2020,1803.8,177.11,169.87,542.75,940.38,41.29
7/8/2020,1820.6,175.86,170.09,548.88,924.62,41.07
7/7/2020,1809.9,174.63,167.85,543,919.88,41.9
7/6/2020,1793.5,175.34,166.64,543.38,911.62,41.96
7/2/2020,1790,173.79,165.18,551.38,905.38,40.81
7/1/2020,1779.9,175.62,164.56,553.75,903.62,40.59
6/30/2020,1800.5,172.15,165.39,558.5,906.38,40.75
6/29/2020,1781.2,167.76,164.03,565,913.25,41.2
6/26/2020,1780.3,165.54,163.56,541.88,912.12,40.29
6/25/2020,1770.6,167.19,162.18,544.62,913.88,40.1
6/24/2020,1775.1,168.33,162.01,539,901.12,40.55
6/23/2020,1782,169.36,163.33,542.5,897.88,39.62
6/22/2020,1766.4,170.38,163.19,532.12,896.88,40.9
6/19/2020,1753,170.95,162.46,527.12,883.50,40.62
6/18/2020,1731.1,170.38,161.5,523,873.38,40.63
6/17/2020,1735.6,170.67,161.42,527.62,872.38,40.28
6/16/2020,1736.5,170.65,160.8,526.75,868.12,40.65
6/15/2020,1727.2,171.39,159.33,519.62,871.25,39.82
6/12/2020,1737.3,171.83,160.15,511.88,880.25,39.27
6/11/2020,1739.8,171.51,160.97,507,879.75,39.7
6/10/2020,1720.7,170.98,162,516.25,883.12,38.49
6/9/2020,1721.9,170.54,160.85,501,894.00,38.72
6/8/2020,1705.1,171.48,160.34,500.12,898.50,38.01
6/5/2020,1683,171.03,158.95,494.62,897.25,40.37
6/4/2020,1727.4,170.8,159.15,490.5,894.25,40.46
6/3/2020,1704.8,168.19,158.26,494.62,892.25,39.75
6/2/2020,1734,167.24,159.05,490.62,896.62,38.84
6/1/2020,1750.3,166.63,159.38,495.12,900.25,37.96
5/29/2020,1736.9,167.46,158.13,496.12,903.75,38.38
5/28/2020,1728.3,167.96,155.87,501.88,905.38,37.12
5/27/2020,1726.8,166.29,154.85,510.38,906.00,36.26
5/26/2020,1728.2,165.92,156.07,508.62,898.88,36.34
5/22/2020,1734.6,164.46,156.17,520.12,895.88,39.6
5/21/2020,1721.9,165.09,156.7,526.12,902.12,38.94
5/20/2020,1750.6,166.4,158.95,531,898.50,38.19
5/19/2020,1745.6,165.39,157.34,528.62,893.38,39.55
5/18/2020,1734.4,165.55,156.08,533,887.00,37.41
5/15/2020,1753.4,164.92,153.7,523.88,879.12,37.29
5/14/2020,1740.9,164.57,152.86,526.38,875.00,36.81
5/13/2020,1716.4,164.96,152.14,537.88,882.00,35.44
5/12/2020,1706.8,167.68,152.4,540,886.75,35.49
5/11/2020,1698,167.59,152.83,530.62,896.50,33.71
5/8/2020,1709.9,167.57,153.09,534.38,893.88,32.81
5/7/2020,1725.8,166.76,152.81,526.38,896.00,34.35
5/6/2020,1688.5,164.74,150.28,520.38,899.00,33.92
5/5/2020,1710.6,166.14,150.05,534.62,892.12,32.9
5/4/2020,1713.3,165.6,149.25,535.38,893.88,33.25
5/1/2020,1694.5,167.17,149.38,535.62,883.75,33.92
4/30/2020,1694.2,168.41,150.41,551.5,865.00,33.49
4/29/2020,1703.4,165.22,152.04,527.38,864.38,32.5
4/28/2020,1722.2,164.81,151.9,524.38,865.75,31.82
4/27/2020,1723.8,165.33,151.56,528.38,868.00,29.43
4/24/2020,1723.5,167.53,151.64,534.88,870.50,27.56
4/23/2020,1745.4,169.54,151.91,523.75,875.12,25.29
4/22/2020,1738.3,168.96,151.65,516.88,876.38,25.78
4/21/2020,1687.8,167.79,149.17,495.75,875.88,24.14
4/20/2020,1711.2,168.18,152.42,493.12,873.38,24.74
4/17/2020,1689.2,169,151.51,486.5,871.12,23.55
4/16/2020,1731.7,168.56,151.98,498.12,866.88,23.99
4/15/2020,1740.2,169.86,151.92,490.75,870.00,24.56
4/14/2020,1768.9,171.6,153.66,483.12,870.88,20.39
4/13/2020,1744.8,173,150.47,473.62,871.88,19.78
4/9/2020,1736.2,173.66,151.24,473.62,867.12,18.84
4/8/2020,1684.3,171.49,147.98,485.38,866.00,15.06
4/7/2020,1683.7,171.3,148.6,480.25,863.62,12.34
4/6/2020,1677,170.86,147.2,486.88,863.75,12.78
4/3/2020,1633.7,170.78,144.74,484.25,869.38,16.94
4/2/2020,1637.7,171.09,145.35,480.12,868.25,16.5
4/1/2020,1591.4,172.32,142.87,481.38,868.38,13.78
3/31/2020,1583.4,176.81,144.96,482.88,857.38,10.01
3/30/2020,1643.2,176.42,145,488.5,852.38,-37.63
3/27/2020,1623.9,177.13,146.22,494.62,840.12,18.27
3/26/2020,1660.3,177.31,146.06,504.5,843.88,19.87
3/25/2020,1634.3,178.23,145.48,499.38,840.50,19.87
3/24/2020,1660.2,177.44,145.24,501.38,846.62,20.11
3/23/2020,1572.7,176.63,140.42,499.12,849.25,22.41
3/20/2020,1484,172.96,139.12,507.5,847.25,22.76
3/19/2020,1479.3,171.01,139.36,504.88,832.62,25.09
3/18/2020,1477.9,166.02,139.23,511.62,833.50,23.63
3/17/2020,1524.9,166.44,143.8,517,833.50,26.08
3/16/2020,1486.5,167.54,145.13,515.38,835.62,28.34
3/13/2020,1516.7,172.41,149.5,526.88,846.88,25.32
3/12/2020,1590.3,173.48,151.88,512.25,843.00,20.31
3/11/2020,1642.3,176.55,156.11,509.38,846.38,20.48
3/10/2020,1659.1,177.94,157.58,516.38,840.12,20.09
3/9/2020,1675.7,176.35,157.79,520.12,837.38,21.51
3/6/2020,1672.4,178.93,158.7,521.62,838.25,22.6
3/5/2020,1666.4,180.51,159.63,514.62,839.62,24.49
3/4/2020,1643,182.14,158.43,505,852.25,24.01
3/3/2020,1642.1,181.72,158.1,507.88,854.00,23.36
3/2/2020,1592.3,180.42,156.78,504.88,854.50,22.43
2/28/2020,1564.1,178.5,154.45,508.12,850.25,25.22
2/27/2020,1642.5,178.78,157.92,508.62,844.25,20.37
2/26/2020,1643.1,179.97,158.87,515,832.75,26.95
2/25/2020,1650,179.99,159.52,515.25,839.62,28.7
2/24/2020,1676.6,179.21,160.96,499,835.50,31.73
2/21/2020,1644.6,182.68,161.06,497.25,848.00,31.5
2/20/2020,1620.5,183.62,160,502,848.75,32.98
2/19/2020,1611.8,184.71,160.4,499.62,854.88,34.36
2/18/2020,1600,184.95,160.14,503.12,838.88,31.13
2/14/2020,1582.7,182.74,159.31,500.5,831.62,41.28
2/13/2020,1578.8,183.59,160.08,513.38,837.38,45.9
2/12/2020,1571.6,183.58,158.88,517.62,838.38,46.78
2/11/2020,1565.6,181.75,158.75,523.62,830.38,47.18
2/10/2020,1579.5,182.11,157.78,522.88,840.62,46.75
2/7/2020,1568.6,182.05,157.87,519.12,835.00,44.76
2/6/2020,1570,180.67,159.28,516.25,830.50,47.09
2/5/2020,1562.8,181.2,158.58,520.25,825.75,48.73
2/4/2020,1555.5,181.02,156.62,520.75,833.62,49.9
2/3/2020,1582.4,180.15,156.97,510.38,831.88,51.43
1/31/2020,1582.9,179.97,158.92,515.38,839.38,53.38
1/30/2020,1589.2,180.51,158.75,522.62,841.38,53.78
1/29/2020,1576,182.99,158.34,516.5,847.62,53.29
1/28/2020,1575.8,184.09,159.18,526,854.75,52.05
1/27/2020,1583.7,183.61,160.5,527.12,863.25,52.2
1/24/2020,1571.1,185.16,162.8,530,863.38,52.36
1/23/2020,1571.6,187.35,163.39,547.75,855.75,52.05
1/22/2020,1556.7,186.88,164.66,542.12,856.00,51.42
1/21/2020,1556.4,187.24,165.58,547.5,856.12,51.17
1/17/2020,1558.8,188.21,166.25,552.62,853.12,49.94
1/16/2020,1550.5,185.11,165.75,535.88,853.88,49.57
1/15/2020,1554,188.02,166.11,535.38,859.62,50.32
1/14/2020,1544.6,189.36,164.95,528.5,864.62,50.95
1/13/2020,1550.6,189.03,165.41,539.88,885.75,50.75
1/10/2020,1557.5,189.01,165.57,546.75,882.62,49.61
1/9/2020,1554.3,188.2,164.95,554.88,880.00,50.11
1/8/2020,1560.2,188.04,165.34,558.12,883.62,51.56
1/7/2020,1574.3,187.52,165.27,558.25,878.12,52.14
1/6/2020,1568.8,187.66,164.89,558.5,882.38,53.33
1/3/2020,1549.2,187.76,164.27,549.12,884.25,53.48
1/2/2020,1528.1,190.46,164.5,550.25,883.88,53.14
12/31/2019,1519.5,189.8,163.73,553.62,860.12,54.19
12/30/2019,1518.6,189.8,163.72,550,863.38,55.59
12/27/2019,1518.1,189.31,164.99,551.12,847.62,56.74
12/26/2019,1514.4,188.42,164.76,542.75,830.75,58.34
12/24/2019,1499.1,188.16,164.57,550.38,825.25,58.73
12/23/2019,1488.7,187.23,164.16,567.25,824.62,59.27
12/20/2019,1474.7,187.02,163.17,569.38,842.62,58.54
12/19/2019,1478.2,186.69,163.16,572,847.38,58.52
12/18/2019,1478.7,186.44,163.09,572.88,857.12,57.81
12/17/2019,1480.6,187.14,161.75,569.5,872.12,58.23
12/16/2019,1480.5,188.09,161.61,579.62,876.12,58.08
12/13/2019,1475.6,186.89,162.13,559.88,875.00,59.04
12/12/2019,1472.3,183.15,161,560.5,882.88,59.56
12/11/2019,1475,181.67,161.29,539.62,890.00,59.61
12/10/2019,1462.6,179.21,160.4,540.5,897.00,62.7
12/9/2019,1464.9,180.72,159.05,534.38,907.25,63.27
12/6/2019,1459.1,179.7,158.67,509.5,904.25,63.05
12/5/2019,1483.1,178.93,158.11,500.25,901.00,61.18
12/4/2019,1480.2,178.15,157.42,496.88,893.12,61.33
12/3/2019,1478.2,178.05,157.46,502.75,895.25,61.06
12/2/2019,1469.2,177.51,157.12,505.5,891.00,61.68
11/29/2019,1472.7,178.14,158.25,504.25,888.25,61.72
11/27/2019,1453.4,179.17,158.34,510.12,883.75,61.68
11/26/2019,1467.4,177.64,159.49,521.25,887.75,61.19
11/25/2019,1463.8,178.86,159.64,519.38,892.75,61.11
11/22/2019,1468.8,180.23,158.35,508.12,897.50,60.52
11/21/2019,1470.5,179.39,158.94,513.5,891.50,60.44
11/20/2019,1470,179.42,158.44,517.75,892.50,61.22
11/19/2019,1473.3,180.04,159.34,518.5,892.88,60.93
11/18/2019,1471.9,180.97,159.68,527.5,895.75,60.94
11/15/2019,1467.3,180.02,159.15,524.25,892.00,60.21
11/14/2019,1473.4,181.06,160.07,524.38,885.00,60.07
11/13/2019,1463.3,181.81,159.95,525.25,885.00,59.18
11/12/2019,1452.1,181.75,160.72,526.25,882.62,58.76
11/11/2019,1457.1,182.62,161.5,535.5,883.00,59.24
11/8/2019,1461.3,180.79,162.04,538.75,880.00,59.02
11/7/2019,1464.2,182.68,163.6,536.25,879.75,59.2
11/6/2019,1493.1,182.82,164.64,553,875.75,58.43
11/5/2019,1483.7,182.34,164.84,551.75,872.62,58.43
11/4/2019,1511.1,183.37,165.37,559.5,876.00,56.1
11/1/2019,1508,183.56,166.29,565.5,892.75,55.96
10/31/2019,1514.8,184.64,165.74,567,895.50,55.17
10/30/2019,1493.2,183.77,164.29,545.38,897.50,58.08
10/29/2019,1490.7,183.69,165.48,544.62,902.12,58.11
10/28/2019,1495.8,183.52,165.78,544.75,908.75,58.41
10/25/2019,1499.5,183.39,165.16,547.5,914.00,58.01
10/24/2019,1504.7,184.1,165.2,541.25,915.50,57.77
10/23/2019,1495.7,185.22,164.54,551,929.25,58.58
10/22/2019,1487.5,185.81,163.88,559.12,924.50,57.11
10/21/2019,1488.1,185.66,162.68,556.25,929.50,55.21
10/18/2019,1488.2,185.78,162.75,561.25,941.75,57.05
10/17/2019,1498.3,186.99,162.74,557.5,941.25,57.72
10/16/2019,1494,186.86,161.94,553.75,946.00,56.77
10/15/2019,1483.5,185.38,161.6,553.38,942.50,57.12
10/14/2019,1497.6,185.82,162.08,560.5,946.75,56.8
10/11/2019,1488.7,187.4,162.35,561.75,944.00,56.86
10/10/2019,1500.9,186.66,162.87,569,932.50,57.24
10/9/2019,1512.8,181.56,163.22,573.25,927.62,57.15
10/8/2019,1497.2,183.75,161.52,573.38,929.75,56.35
10/7/2019,1504.4,183.25,161.51,571.75,943.25,57.23
10/4/2019,1506.2,180.52,161.85,579.25,943.50,56.54
10/3/2019,1513.8,180.15,161.21,577.25,943.50,56.2
10/2/2019,1501,180.09,161.05,582.5,939.25,54.18
10/1/2019,1489,180.2,160.81,569.75,929.38,55.06
9/30/2019,1472.9,182.03,160.22,570.75,929.88,55.54
9/27/2019,1506.4,179.91,160.2,570.88,937.50,55.81
9/26/2019,1515.2,174.79,161.47,565.5,937.00,56.66
9/25/2019,1512.3,175.37,161.59,573.75,937.00,56.23
9/24/2019,1532.1,175.23,162.51,568.5,933.00,55.97
9/23/2019,1531.5,176.09,163.34,560.75,928.12,54.16
9/20/2019,1507.3,175.8,164.35,563.12,925.00,53.31
9/19/2019,1506.2,174.52,163.39,564.25,927.25,53.78
9/18/2019,1515.8,176.11,162.97,562.75,927.75,53.93
9/17/2019,1513.4,175.55,162.89,553.75,920.75,53.36
9/16/2019,1503.1,175.27,163.23,550.75,907.12,52.81
9/13/2019,1490.9,177.06,164.07,551,897.75,53.59
9/12/2019,1507.4,175.82,165.2,555.12,892.38,54.7
9/11/2019,1503.2,175.37,164.6,559.5,900.25,53.55
9/10/2019,1499.2,170.9,164.26,559.5,897.25,52.59
9/9/2019,1511.1,172.03,164.61,559.38,885.62,52.63
9/6/2019,1506.2,169.08,164.22,555.5,889.12,52.75
9/5/2019,1525.5,168.59,163.94,557.38,885.00,52.81
9/4/2019,1560.4,169.53,164.62,550.25,878.25,52.45
9/3/2019,1555.9,170.57,165.41,541,872.75,52.64
8/30/2019,1529.2,169.7,162.55,541,872.50,53.62
8/29/2019,1536.9,171.58,161.74,540,876.62,54.07
8/28/2019,1549.1,172.32,161.2,542.62,876.62,55.91
8/27/2019,1551.8,172.17,160.67,545.62,882.00,56.41
8/26/2019,1537.2,170.97,160.39,547.75,884.50,56.49
8/23/2019,1537.6,171.95,159.11,554,892.25,57.29
8/22/2019,1497.3,170.91,158.85,549.25,895.62,58.64
8/21/2019,1515.7,172.32,158.22,530.62,895.88,58.09
8/20/2019,1515.7,172.42,159.64,533,900.25,58.13
8/19/2019,1511.6,171.67,158.94,530.25,904.50,58.11
8/16/2019,1523.6,172.59,159.63,518.5,911.50,59.34
8/15/2019,1531.2,175.12,160.02,523.12,910.25,62.9
8/14/2019,1527.8,172.68,160.3,523,918.12,54.85
8/13/2019,1514.1,173.5,159.85,524.38,917.00,55.09
8/12/2019,1517.2,175.34,160.52,524.75,915.25,55.75
8/9/2019,1508.5,175.99,159.1,523.75,916.75,57.4
8/8/2019,1509.5,182.15,158.41,527.75,917.25,57.85
8/7/2019,1507.3,180.98,159.71,525.38,930.25,56.52
8/6/2019,1484.2,177.88,157.19,537.75,936.25,56.3
8/5/2019,1464.6,176.97,156.26,542.38,927.50,56.26
8/2/2019,1457.5,178.16,155.93,542.12,934.25,53.94
8/1/2019,1432.4,177.13,155.72,526.12,938.00,54.66
7/31/2019,1437.8,175.05,157.44,526.12,936.50,54.8
7/30/2019,1441.8,178.47,158.52,530.75,931.75,55.1
7/29/2019,1433.3,182.21,158.9,532,931.00,56.71
7/26/2019,1432.2,184.12,159.61,517.5,932.50,55.78
7/25/2019,1427.5,182.98,158.44,514.12,936.50,54.93
7/24/2019,1436.5,183.62,159.22,508.25,922.38,53.64
7/23/2019,1421.7,185.18,160.17,514.75,934.00,54.17
7/22/2019,1426.9,184.18,158.81,511.5,934.75,55.35
7/19/2019,1426.7,183.95,159.14,507.25,934.00,55.68
7/18/2019,1428.1,187.46,160.55,502.62,933.50,56.34
7/17/2019,1421.3,183.89,160.42,507.5,933.00,56.21
7/16/2019,1411.2,186.26,159.52,508.75,933.88,54.87
7/15/2019,1413.5,186.95,158.69,516.5,931.00,54.47
7/12/2019,1412.2,189.25,157.44,506.5,928.50,55.23
7/11/2019,1406.7,193.27,156.29,510,933.25,57.1
7/10/2019,1412.5,190.28,155.72,512.5,939.75,54.93
7/9/2019,1400.5,187.34,155.76,517,934.38,54.5
7/8/2019,1400,185.93,153.23,515.5,922.50,52.54
7/5/2019,1400.1,186.65,153.4,510.25,922.25,51.09
7/3/2019,1420.9,186.51,153.15,514.25,919.25,53.63
7/2/2019,1408,187.58,154.12,514.75,915.75,54.69
7/1/2019,1385.6,183.33,153.3,508.75,915.75,55.66
6/28/2019,1409.7,184.48,153.82,509.75,911.75,53.95
6/27/2019,1412,188.36,155.65,511.5,913.00,58.58
6/26/2019,1411.6,191.6,155.33,512.75,918.25,58.05
6/25/2019,1418.7,192.73,155.86,516.38,904.25,56.87
6/24/2019,1418.2,193.63,156.33,517,883.00,56.2
6/21/2019,1400.1,194.21,154.85,521.5,887.75,56.02
6/20/2019,1396.9,192.23,153.61,517.5,888.50,55.88
6/19/2019,1348.8,194.76,154.41,524.25,893.25,56.77
6/18/2019,1350.7,192.03,152.24,530.75,891.25,56.22
6/17/2019,1342.9,195.1,152.58,525,882.38,55.63
6/14/2019,1344.5,196.44,150.48,514.25,893.50,55.3
6/13/2019,1343.7,194.35,150.34,507.25,889.00,56.78
6/12/2019,1336.8,191.77,151.26,511,894.75,57.62
6/11/2019,1331.2,188.06,151.19,507.75,899.25,59.58
6/10/2019,1329.3,184.43,151.2,509.62,898.25,60.21
6/7/2019,1346.1,181.16,150.41,491.25,894.75,60.2
6/6/2019,1342.7,179.84,150.17,501.25,867.50,60.43
6/5/2019,1333.6,181.28,150.7,500.5,872.25,57.83
6/4/2019,1323.4,179.39,149.96,489.75,857.75,57.66
6/3/2019,1327.9,183.35,150.87,489.88,857.50,57.51
5/31/2019,1311.1,183.92,150.34,490.88,857.50,56.8
5/30/2019,1287.1,183.04,150.41,488.75,861.75,57.34
5/29/2019,1286.3,186.18,150.29,488.25,874.50,56.25
5/28/2019,1282.5,180.3,150.32,497.25,867.00,59.09
5/24/2019,1289.2,179.79,151.17,495.5,868.25,58.47
5/23/2019,1291,173.77,151.66,486.75,868.25,59.43
5/22/2019,1274.2,169.6,150.59,485.75,865.25,59.38
5/21/2019,1273.2,171.22,150.09,477.75,859.00,57.83
5/20/2019,1277.3,170.92,151.19,481,865.50,57.9
5/17/2019,1275.7,171.11,151.44,481.5,855.12,57.43
5/16/2019,1286.2,168.35,152.43,484.5,868.25,56.65
5/15/2019,1297.8,169.61,153.92,487,872.50,53.76
5/14/2019,1296.3,166.62,154.07,489.5,868.50,53.9
5/13/2019,1301.8,166.22,152.96,485,866.50,51.93
5/10/2019,1287.4,160.78,152.04,488.5,878.88,52.51
5/9/2019,1285.2,159.96,153.31,482.62,878.88,52.28
5/8/2019,1281.4,160.97,152.65,482.62,870.75,51.14
5/7/2019,1285.6,164.57,153.53,484,878.50,53.27
5/6/2019,1283.8,165.27,154.51,476.5,890.25,53.26
5/3/2019,1281.3,164.77,155.48,482.75,879.00,53.99
5/2/2019,1272,166.9,155.43,474.75,893.38,52.59
5/1/2019,1284.2,167.34,154.17,462.25,884.00,51.68
4/30/2019,1282.8,167.41,155.3,462.62,867.25,53.48
4/29/2019,1281.5,166.3,157.55,467,866.00,53.25
4/26/2019,1288.8,167.28,157.85,460.5,867.75,53.5
4/25/2019,1279.7,168.41,158.19,454.25,870.12,56.59
4/24/2019,1279.4,168.45,157.45,461.38,870.12,58.81
4/23/2019,1273.2,167.71,158.46,472.75,866.25,59.14
4/22/2019,1277.6,169.5,157.74,475.75,880.25,59.16
4/18/2019,1276,171.27,159.05,477.75,894.75,58.77
4/17/2019,1276.8,172.62,159.07,474.75,904.00,58.63
4/16/2019,1277.2,172.53,160.01,475.12,899.12,57.91
4/15/2019,1291.3,173.4,159.44,467,899.50,61.42
4/12/2019,1295.2,175.99,160.54,462.75,906.75,62.99
4/11/2019,1293.3,175.75,160.81,458.75,903.25,63.1
4/10/2019,1313.9,175.42,159.51,464.5,905.50,62.76
4/9/2019,1308.3,175.48,161.24,470.38,919.12,62.87
4/8/2019,1297.1,174.43,161.34,469.75,900.50,62.02
4/5/2019,1295.6,174.2,161.33,474.75,900.00,61.78
4/4/2019,1294.3,174.12,160.65,472.75,905.50,61.04
4/3/2019,1295.3,175.02,161.06,472.5,920.25,61.66
4/2/2019,1295.4,173.84,161.94,500.12,931.75,61.7
4/1/2019,1294.2,173.38,160.38,498.25,916.50,62.12
3/29/2019,1298.5,172.91,161.45,489.75,911.75,61.4
3/28/2019,1295.3,170.7,161.69,484.5,904.25,62.25
3/27/2019,1316.9,174.16,159.82,494,896.25,61.94
3/26/2019,1321.4,174.26,160.82,490.88,875.62,61.81
3/25/2019,1329,176.08,160.56,479.25,889.12,63.6
3/22/2019,1318.7,177.13,160.39,486.5,880.00,63.91
3/21/2019,1313.6,176.39,160.07,496.5,888.75,63.5
3/20/2019,1300.5,176.87,161.11,502.5,881.88,63.3
3/19/2019,1306.5,175.61,162.16,495.88,904.62,65.21
3/18/2019,1301.5,174.81,161.97,500.25,893.75,65.89
3/15/2019,1302.9,175.05,160.76,497,899.50,66.3
3/14/2019,1293.4,176.04,160.48,487,908.25,65.7
3/13/2019,1309.3,173.93,160.39,487.75,914.00,64
3/12/2019,1296.3,173.39,162.19,503.12,903.38,63.76
3/11/2019,1291.1,173.27,161.07,493.75,914.25,64.05
3/8/2019,1299.3,170.42,158.88,505.25,902.50,63.4
3/7/2019,1286.1,172.05,159.42,507.5,912.00,63.89
3/6/2019,1287.6,172.77,159.35,509,910.25,63.58
3/5/2019,1284.7,174.5,160.54,523.38,896.75,64.61
3/4/2019,1287.5,177.01,160.87,520.75,887.25,63.98
3/1/2019,1299.2,176.6,159.75,504.5,878.50,64.4
2/28/2019,1316.1,176.01,161.64,502.25,857.75,63.08
2/27/2019,1317.7,175.68,162.31,511.25,860.00,62.1
2/26/2019,1328.5,177.15,162.42,516.88,855.50,62.46
2/25/2019,1329.5,177.54,162.1,513.88,868.50,62.58
2/22/2019,1332.8,179.25,161.85,503,869.75,61.59
2/21/2019,1327.8,180.96,162.08,511,880.00,60.14
2/20/2019,1347.9,180.89,160.42,526,877.00,59.3
2/19/2019,1344.8,178.96,161.02,546.25,878.25,59.41
2/15/2019,1322.1,179.17,159.18,546.25,887.25,59.94
2/14/2019,1313.9,181.56,157.1,539.75,870.00,58.82
2/13/2019,1310.8,181.44,155.37,542.75,856.25,59.04
2/12/2019,1314,184.29,155.79,526,829.12,59.98
2/11/2019,1307,183.5,155.78,527,820.75,59.83
2/8/2019,1318.5,180.86,156.75,521.5,829.50,59.03
2/7/2019,1314.2,181.46,158.1,531,821.25,59.09
2/6/2019,1314.4,180.91,159.08,539,831.25,58.52
2/5/2019,1319.2,182.56,159.35,537.75,821.00,58.61
2/4/2019,1319.3,182.61,159.85,539.5,840.50,58.26
2/1/2019,1322.1,182.13,160.13,536.25,835.25,56.87
1/31/2019,1325.2,181.81,158.59,526.5,829.75,56.79
1/30/2019,1315.5,180.76,158.78,518.25,803.50,56.07
1/29/2019,1315.2,182.08,157.68,507,808.38,56.66
1/28/2019,1309.3,181.11,156.1,505,811.00,56.22
1/25/2019,1304.2,182.28,154.91,503.25,825.25,56.56
1/24/2019,1285.9,182.66,156.28,511.75,831.00,56.59
1/23/2019,1290.2,181.37,153.36,492.25,831.00,55.8
1/22/2019,1283.4,181.79,153.62,505.75,841.12,57.22
1/18/2019,1282.6,180.91,152.66,520.25,842.50,56.94
1/17/2019,1292.3,181.82,153.83,504.88,851.75,55.5
1/16/2019,1293.8,180.62,152.76,514,854.50,55.48
1/15/2019,1288.4,178.02,152.44,488,861.50,57.26
1/14/2019,1289.1,177.43,151.42,503.5,853.25,56.96
1/11/2019,1289.5,179.72,150.99,486.25,858.00,56.92
1/10/2019,1287.4,180.72,151.63,490.38,855.25,56.09
1/9/2019,1292,179.7,151.2,469.25,862.25,56.27
1/8/2019,1285.9,182.7,151.61,472.25,877.50,56.33
1/7/2019,1289.9,181.72,151.06,476,880.75,55.59
1/4/2019,1285.8,182.57,151.52,480.5,880.88,54.41
1/3/2019,1294.8,182.43,150.79,466.75,878.50,53.9
1/2/2019,1284.1,180.86,149.32,463.12,887.75,53.1
