date,totalcases,newcases,totaldeaths,newdeaths,icupatients,hosppatients,newtests,totaltests,positiverate,totalvaccs,newvaccs,stringencyindex
7/26/2021,34533058,89297,610951,60,7923,29596,236897,480772408,0.044,163025726,778996,49.54
7/25/2021,34443761,15711,610891,56,7923,29596,236897,480772408,0.044,163025726,778996,49.54
7/24/2021,34428050,27395,610835,115,7923,29596,236897,480772408,0.044,162725812,676050,49.54
7/23/2021,34400655,118791,610720,525,7925,29607,236897,480772408,0.044,162435276,600157,49.54
7/22/2021,34281864,55058,610195,315,7634,28414,236897,480772408,0.044,162174165,660898,49.54
7/21/2021,34226806,52032,609880,333,7369,26888,236897,480772408,0.044,161895045,611493,49.54
7/20/2021,34174774,42703,609547,286,7102,25642,236897,480772408,0.044,161631676,243940,49.54
7/19/2021,34132071,52111,609261,212,6707,24209,357436,480535511,0.044,161473715,507076,49.54
7/18/2021,34079960,12048,609049,135,6268,22529,283897,480178075,0.044,161232483,500910,49.54
7/17/2021,34067912,12960,608914,70,5991,21560,434523,479894178,0.044,160994035,635290,49.54
7/16/2021,34054952,79310,608844,391,5783,20847,646789,479459655,0.044,160686378,549205,49.54
7/15/2021,33975642,28412,608453,283,5471,19883,720416,478812866,0.044,160408538,567174,49.54
7/14/2021,33947230,31845,608170,331,5251,19053,728850,478092450,0.044,160126516,545543,49.54
7/13/2021,33915385,26424,607839,355,5069,18170,715643,477363600,0.041,159675163,341466,49.54
7/12/2021,33888961,35013,607484,244,4880,17305,569331,476647957,0.038,159499224,449122,49.54
7/11/2021,33853948,6164,607240,28,4635,16373,335671,476078626,0.037,159266536,586244,49.54
7/10/2021,33847784,9038,607212,139,4440,15686,477587,475742955,0.036,158954417,598995,49.54
7/9/2021,33838746,48241,607073,504,4366,15379,645878,475265368,0.035,158629431,620612,49.54
7/8/2021,33790505,20061,606569,260,4296,15054,706862,474619490,0.033,158287566,694333,49.54
7/7/2021,33770444,22931,606309,294,4131,14648,758802,473912628,0.031,157908171,437117,61.57
7/6/2021,33747513,24224,606015,338,3977,13957,575262,473153826,0.03,157636088,633702,61.57
7/5/2021,33723289,5528,605677,49,3881,13419,299808,472578564,0.03,157323738,633702,61.57
7/4/2021,33717761,3697,605628,34,3777,13100,253739,472278756,0.027,157323738,633702,61.57
7/3/2021,33714064,4739,605594,81,3753,12892,437012,472025017,0.026,156982549,1161081,61.57
7/2/2021,33709325,29892,605513,472,3663,12844,585423,471588005,0.025,156255896,657166,61.57
7/1/2021,33679433,14463,605041,305,3614,12846,628139,471002582,0.024,155884601,1630778,61.57
6/30/2021,33664970,13118,604736,249,3672,12860,664828,470374443,0.023,154884686,1368679,61.57
6/29/2021,33651852,11350,604487,318,3674,12639,688063,469709615,0.022,154199664,738476,61.57
6/28/2021,33640502,15083,604169,153,3615,12492,541927,469021552,0.021,153776118,1087043,61.57
6/27/2021,33625419,3920,604016,75,3522,12218,335389,468479625,0.02,153028665,1204225,61.57
6/26/2021,33621499,7303,603941,149,3560,12221,486675,468144236,0.02,152184243,923724,61.57
6/25/2021,33614196,23715,603792,498,3616,12392,664620,467657561,0.02,151615554,512174,61.57
6/24/2021,33590481,12830,603294,345,3635,12377,681468,466992941,0.02,151252034,815152,61.57
6/23/2021,33577651,12436,602949,381,3699,12597,754737,466311473,0.019,150787303,648209,61.57
6/22/2021,33565215,10940,602568,326,3743,12520,772629,465556736,0.019,150424675,647403,61.57
6/21/2021,33554275,12334,602242,275,3707,12577,562058,464784107,0.018,150046006,610033,61.57
6/20/2021,33541941,3892,601967,89,3661,12483,329408,464222049,0.018,149667646,848611,58.8
6/19/2021,33538049,8520,601878,173,3671,12466,492625,463892641,0.018,149125164,1069021,58.8
6/18/2021,33529529,20591,601705,600,3737,12828,685319,463400016,0.018,148459003,1079390,58.8
6/17/2021,33508938,10393,601105,286,3806,13065,718002,462714697,0.018,147758585,2054216,58.8
6/16/2021,33498545,12425,600819,377,3881,13463,785754,461996695,0.018,146456124,1028496,58.8
6/15/2021,33486120,11305,600442,321,3940,13690,828568,461210941,0.019,145768367,1240847,58.8
6/14/2021,33474815,12730,600121,180,4067,13899,598531,460382373,0.019,144919339,1323282,58.8
6/13/2021,33462085,4777,599941,114,4048,13935,348290,459783842,0.019,143921222,1209817,46.76
6/12/2021,33457308,8228,599827,294,4185,13916,561510,459435552,0.02,143119077,1602933,46.76
6/11/2021,33449080,24699,599533,651,4300,14396,770676,458874042,0.021,142095530,822177,46.76
6/10/2021,33424381,14545,598882,433,4383,14816,789622,458103366,0.021,141583252,934142,46.76
6/9/2021,33409836,18647,598449,452,4479,15246,873817,457313744,0.021,140980110,829809,46.76
6/8/2021,33391189,13013,597997,343,4608,15613,888546,456439927,0.019,140441957,1071750,46.76
6/7/2021,33378176,15496,597654,317,4683,15725,641923,455551381,0.019,139748661,1213339,46.76
6/6/2021,33362680,5395,597337,172,4675,15972,369102,454909458,0.02,138969323,1369848,46.76
6/5/2021,33357285,13906,597165,382,4765,16280,614885,454540356,0.02,138112702,1148208,46.76
6/4/2021,33343379,16850,596783,530,4992,16948,866208,453925471,0.02,137455367,1399594,46.76
6/3/2021,33326529,19080,596253,619,5172,17606,983990,453059263,0.021,136644618,808036,46.76
6/2/2021,33307449,16917,595634,559,5319,18060,1104492,452075273,0.022,136155250,508652,46.76
6/1/2021,33290532,22940,595075,651,5488,18627,703019,450970781,0.024,135867425,1223800,46.76
5/31/2021,33267592,5775,594424,153,5538,18651,314405,450267762,0.025,135087319,1605272,46.76
5/30/2021,33261817,6734,594271,135,5521,19035,358180,449953357,0.024,135087319,1605272,46.76
5/29/2021,33255083,12001,594136,332,5603,19446,576735,449595177,0.024,134418748,1605272,46.76
5/28/2021,33243082,21859,593804,561,5776,20365,832983,449018442,0.025,133532544,1375171,46.76
5/27/2021,33221223,27448,593243,1362,5998,21024,922756,448185459,0.026,132769894,1512303,46.76
5/26/2021,33193775,23976,591881,979,6139,21574,1043567,447262703,0.026,131850089,1423432,46.76
5/25/2021,33169799,22739,590902,634,6310,22066,1069541,446219136,0.026,131078608,897972,46.76
5/24/2021,33147060,25815,590268,446,6418,22407,704429,445149595,0.027,130615797,1170314,46.76
5/23/2021,33121245,12868,589822,197,6412,22433,406860,444445166,0.027,130014175,1779363,46.76
5/22/2021,33108377,19798,589625,497,6472,22632,706585,444038306,0.028,129006463,2345872,52.31
5/21/2021,33088579,27946,589128,615,6665,23388,980267,443331721,0.028,127778250,2198101,52.31
5/20/2021,33060633,30206,588513,677,6840,23934,1003961,442351454,0.029,126605166,2107077,52.31
5/19/2021,33030427,29301,587836,676,7059,24917,1174539,441347493,0.029,125453423,1754966,52.31
5/18/2021,33001126,27789,587160,771,7162,25010,1210354,440172954,0.03,124455693,1123306,52.31
5/17/2021,32973337,28621,586389,398,7300,25550,793524,438962600,0.03,123828224,1486490,52.31
5/16/2021,32944716,16875,585991,277,7271,25634,452335,438169076,0.03,122999721,2093069,52.31
5/15/2021,32927841,28857,585714,499,7410,26170,785223,437716741,0.031,121768268,2393676,52.31
5/14/2021,32898984,42260,585215,657,7630,27410,1080466,436931518,0.032,120258637,1842180,52.31
5/13/2021,32856724,38076,584558,766,7919,28166,1189434,435851052,0.033,118987308,1915642,52.31
5/12/2021,32818648,35826,583792,768,8117,29107,1336702,434661618,0.033,117647439,1548283,52.31
5/11/2021,32782822,33662,583024,687,8301,29476,1327196,433324916,0.034,116576359,1533180,52.31
5/10/2021,32749160,36798,582337,413,8344,29979,854429,431997720,0.035,115530780,1882392,52.31
5/9/2021,32712362,21427,581924,249,8362,30141,482659,431143291,0.035,114258244,2369784,52.31
5/8/2021,32690935,33675,581675,630,8472,30622,849051,430660632,0.037,112626771,2567872,56.94
5/7/2021,32657260,48130,581045,759,8651,31821,1171771,429811581,0.038,110874920,2805581,56.94
5/6/2021,32609130,47557,580286,798,8838,32491,1304136,428639810,0.039,108926627,2406932,56.94
5/5/2021,32561573,44704,579488,795,8959,33338,1522724,427335674,0.04,107346533,1797771,56.94
5/4/2021,32516869,40723,578693,874,9185,33739,1417425,425812950,0.041,106168588,988846,56.94
5/3/2021,32476146,50491,577819,503,9214,33953,891484,424395525,0.041,105523520,1188734,56.94
5/2/2021,32425655,29403,577316,338,9078,33753,520900,423504041,0.041,104774652,2127998,56.94
5/1/2021,32396252,45391,576978,715,9108,33994,901629,422983141,0.041,103422555,3303794,56.94
4/30/2021,32350861,57919,576263,749,9245,35354,1309775,422081512,0.042,101407318,2799184,56.94
4/29/2021,32292942,58251,575514,877,9375,35986,1414362,420771737,0.042,99668945,2721079,56.94
4/28/2021,32234691,55150,574637,968,9540,36881,1572188,419357375,0.042,98044421,2231745,56.94
4/27/2021,32179541,50836,573669,654,9669,37195,1568424,417785187,0.043,96747454,1639215,56.94
4/26/2021,32128705,47568,573015,490,9762,37537,994028,416216763,0.044,95888088,2107046,56.94
4/25/2021,32081137,32153,572525,293,9550,37130,588584,415222735,0.043,94772329,3020948,56.94
4/24/2021,32048984,53495,572232,751,9576,37355,992208,414634151,0.044,93078040,3318230,56.94
4/23/2021,31995489,62411,571481,777,9709,38550,1406284,413641943,0.046,91175995,3374587,56.94
4/22/2021,31933078,67278,570704,969,9847,39192,1490286,412235659,0.047,89245776,2995734,56.94
4/21/2021,31865800,62855,569735,860,9921,40045,1648096,410745373,0.049,87592646,2563671,56.94
4/20/2021,31802945,60949,568875,842,9920,40204,1564075,409097277,0.05,86223506,1806929,56.94
4/19/2021,31741996,68105,568033,500,9831,40209,1014311,407533202,0.051,85365180,2174495,56.94
4/18/2021,31673891,42121,567533,337,9634,39458,611177,406518891,0.053,84263408,3534901,56.94
4/17/2021,31631770,52532,567196,700,9553,39006,1005457,405907714,0.053,82471151,3588990,56.94
4/16/2021,31579238,80071,566496,878,9533,39407,1448275,404902257,0.053,80609818,3965883,56.94
4/15/2021,31499167,74308,565618,904,9480,39183,1477543,403453982,0.054,78498290,3525204,56.94
4/14/2021,31424859,75403,564714,954,9588,39464,1667886,401976439,0.054,76681252,2509055,56.94
4/13/2021,31349456,77966,563760,833,9540,39199,1606756,400308553,0.054,75322283,2590736,56.94
4/12/2021,31271490,70075,562927,475,9455,38924,1050010,398701797,0.053,74066085,2644914,56.94
4/11/2021,31201415,46509,562452,305,9248,38087,643033,397651787,0.054,72630892,3579422,56.94
4/10/2021,31154906,66687,562147,712,9130,37539,1009024,397008754,0.053,70692645,4629928,56.94
4/9/2021,31088219,82710,561435,891,9146,37846,1446737,395999730,0.053,68202458,3958065,56.94
4/8/2021,31005509,79894,560544,1027,9195,37947,1510780,394552993,0.053,66203123,3403061,56.94
4/7/2021,30925615,75021,559517,2593,9025,37741,1662870,393042213,0.053,64422618,2884580,56.94
4/6/2021,30850594,60674,556924,860,9012,37544,1548735,391379343,0.053,63016976,1404280,56.94
4/5/2021,30789920,77404,556064,506,8851,36618,945948,389830608,0.053,62392065,2134049,56.94
4/4/2021,30712516,35133,555558,297,8608,35667,563355,388884660,0.052,61416536,3365324,56.94
4/3/2021,30677383,63261,555261,750,8544,35184,968603,388321305,0.053,59858146,4081959,56.94
4/2/2021,30614122,69887,554511,954,8469,35599,1341351,387352702,0.053,57984785,3975059,56.94
4/1/2021,30544235,79119,553557,1077,8472,35559,1439250,386011351,0.053,56089614,3358112,56.94
3/31/2021,30465116,66765,552480,1076,8502,35554,1578000,384572101,0.052,54607041,2670947,56.94
3/30/2021,30398351,61429,551404,884,8572,35406,1530421,382994101,0.051,53423486,1789510,56.94
3/29/2021,30336922,69273,550520,707,8437,35010,1005731,381463680,0.051,52614231,2350144,58.8
3/28/2021,30267649,43223,549813,525,8357,34447,622600,380457949,0.05,51593564,3281956,61.57
3/27/2021,30224426,62842,549288,795,8199,33930,998053,379835349,0.049,50141769,3496047,61.57
3/26/2021,30161584,77377,548493,1151,8327,34618,1371492,378837296,0.049,48695172,3379393,61.57
3/25/2021,30084207,67546,547342,1401,8336,34348,1443766,377465804,0.047,47419832,2831442,61.57
3/24/2021,30016661,86938,545941,1510,8488,34353,1655210,376022038,0.046,46365515,2256824,61.57
3/23/2021,29929723,53688,544431,875,8377,33979,1528130,374366828,0.046,45533962,1707293,61.57
3/22/2021,29876035,51436,543556,721,8346,33725,973449,372838698,0.045,44910946,2028324,66.2
3/21/2021,29824599,33822,542835,488,8128,33267,613382,371865249,0.045,44141228,3039915,64.35
3/20/2021,29790777,55519,542347,739,8241,33200,989305,371251867,0.045,43036818,3127679,64.35
3/19/2021,29735258,61651,541608,1127,8422,34020,1342591,370262562,0.044,41934629,2583810,64.35
3/18/2021,29673607,60375,540481,1646,8521,34092,1473377,368919971,0.044,40981464,2692381,64.35
3/17/2021,29613232,59280,538835,1226,8682,34584,1615403,367446594,0.044,39989196,2299771,64.35
3/16/2021,29553952,54008,537609,1180,8736,34565,1496009,365831191,0.043,39042345,1655996,64.35
3/15/2021,29499944,56541,536429,748,8788,34689,946273,364335182,0.043,38335432,2021586,64.35
3/14/2021,29443403,38278,535681,584,8775,34400,578956,363388909,0.043,37459269,1356773,64.35
3/13/2021,29405125,53031,535097,1030,8907,34970,1024729,362809953,0.043,36929777,4575496,64.35
3/12/2021,29352094,61513,534067,1544,9120,35630,1398318,361785224,0.043,35000159,2924112,64.35
3/11/2021,29290581,62471,532523,1558,9242,35900,1497104,360386906,0.043,33863127,2482603,64.35
3/10/2021,29228110,57895,530965,1570,9455,36645,1613317,358889802,0.043,32904161,2028692,64.35
3/9/2021,29170215,57667,529395,1806,9611,37018,1540318,357276485,0.043,32102061,1602746,64.35
3/8/2021,29112548,44917,527589,737,9789,37671,976457,355736167,0.043,31493040,1738102,64.35
3/7/2021,29067631,41073,526852,702,9847,37754,608932,354759710,0.044,30686881,2439427,64.35
3/6/2021,29026558,58254,526150,1510,10028,38188,1066386,354150778,0.045,29776160,2904229,64.35
3/5/2021,28968304,66419,524640,1803,10323,39565,1430491,353084392,0.046,28701201,2435246,64.35
3/4/2021,28901885,68060,522837,1922,10555,40159,1552364,351653901,0.046,27795980,2032374,64.35
3/3/2021,28833825,67191,520915,2481,10748,42168,1736879,350101537,0.047,26957804,1908873,68.06
3/2/2021,28766634,57098,518434,1943,11042,42657,1611754,348364658,0.048,26162122,1731614,68.06
3/1/2021,28709536,58098,516491,1517,11365,43728,993807,346752904,0.049,25466405,1663984,68.06
2/28/2021,28651438,51422,514974,1092,11555,44867,633099,345759097,0.05,24779920,2429823,68.06
2/27/2021,28600016,64626,513882,1521,11718,45328,1074372,345125998,0.049,23698627,2352116,68.06
2/26/2021,28535390,77349,512361,2078,12157,47221,1476001,344051626,0.049,22613359,2179947,68.06
2/25/2021,28458041,77504,510283,2436,12466,49042,1611449,342575625,0.05,21555117,1809170,68.06
2/24/2021,28380537,74749,507847,3182,12891,50933,1687611,340964176,0.051,20607261,1432864,68.06
2/23/2021,28305788,72270,504665,2277,13354,51948,1643494,339276565,0.051,19882544,854609,68.06
2/22/2021,28233518,56159,502388,1319,13671,53002,1038924,337633071,0.052,19438495,1086840,68.06
2/21/2021,28177359,57152,501069,1236,13724,53591,683870,336594147,0.054,18865319,1801134,68.06
2/20/2021,28120207,71696,499833,1835,14112,54376,1058383,335910277,0.055,17895667,1704457,68.06
2/19/2021,28048511,79282,497998,2624,14493,56715,1353707,334851894,0.057,17039118,1847276,68.06
2/18/2021,27969229,69911,495374,2516,15022,58280,1414753,333498187,0.06,16162358,1455940,68.06
2/17/2021,27899318,70139,492858,2397,15577,62226,1470940,332083434,0.064,15471536,1061463,68.06
2/16/2021,27829179,62498,490461,1753,15919,61479,1250674,330612494,0.066,15015434,2242472,68.06
2/15/2021,27766681,54279,488708,963,16225,62187,798647,329361820,0.067,14077440,2242472,68.06
2/14/2021,27712402,65135,487745,1171,16346,63266,663928,328563173,0.068,14077440,2242472,68.06
2/13/2021,27647267,87219,486574,2196,16862,64732,1101489,327899245,0.069,13082172,2231326,68.06
2/12/2021,27560048,99670,484378,2927,17331,67508,1412221,326797756,0.069,12085830,2020288,68.06
2/11/2021,27460378,105764,481451,3216,17710,70071,1415462,325385535,0.069,11188782,1620300,68.06
2/10/2021,27354614,95250,478235,3304,18311,72821,1638948,323970073,0.068,10469514,1563780,68.06
2/9/2021,27259364,95265,474931,3049,18926,75589,1691995,322331125,0.068,9840429,788573,68.06
2/8/2021,27164099,90438,471882,1620,19322,76831,1042453,320639130,0.071,9518015,1206680,68.06
2/7/2021,27073661,89746,470262,1436,19371,77821,828684,319596677,0.075,9147185,2172973,68.06
2/6/2021,26983915,104176,468826,2683,19858,79065,1333250,318767993,0.076,8317180,2218752,68.06
2/5/2021,26879739,134422,466143,3665,20350,82088,1829604,317434743,0.078,7503864,1615502,68.06
2/4/2021,26745317,124006,462478,3746,20867,84565,1928782,315605139,0.081,6926050,1325456,68.06
2/3/2021,26621311,121691,458732,3882,21399,87247,1869414,313676357,0.085,6436931,1097394,68.06
2/2/2021,26499620,115303,454850,3426,21761,88971,1632495,311806943,0.088,6064792,558458,71.76
2/1/2021,26384317,134975,451424,2079,22226,90561,1032224,310174448,0.089,5927847,1099103,71.76
1/31/2021,26249342,112152,449345,1862,22497,91417,944075,309142224,0.088,5657142,1545397,71.76
1/30/2021,26137190,142459,447483,2794,22704,92520,1431482,308198149,0.09,5259693,1693241,71.76
1/29/2021,25994731,166613,444689,3643,23118,96085,1833322,306766667,0.092,4780888,1690979,71.76
1/28/2021,25828118,168804,441046,4012,23784,100019,1896672,304933345,0.094,4263056,1541048,71.76
1/27/2021,25659314,153961,437034,3944,24355,102619,2054896,303036673,0.096,3801053,1111640,71.76
1/26/2021,25505353,147626,433090,4023,24893,104583,1773479,300981777,0.098,3481921,806751,71.76
1/25/2021,25357727,151677,429067,1980,24999,106233,1226301,299208298,0.101,3346390,885588,71.76
1/24/2021,25206050,131198,427087,1862,25119,106969,998909,297981997,0.099,3216836,1310665,71.76
1/23/2021,25074852,170759,425225,3370,25359,108076,1542267,296983088,0.101,3027865,1430031,71.76
1/22/2021,24904093,190760,421855,3823,26000,111780,1915510,295440821,0.104,2756953,1561585,71.76
1/21/2021,24713333,193856,418032,4186,26512,114049,2043005,293525311,0.106,2394961,1021093,71.76
1/20/2021,24519477,183261,413846,4416,26999,117102,2122965,291482306,0.109,2161419,817693,71.76
1/19/2021,24336216,176216,409430,2708,27580,119335,1803037,289359341,0.113,2023124,1130189,71.76
1/18/2021,24160000,143598,406722,1558,27827,120367,1284525,287556304,0.114,1610524,1130189,71.76
1/17/2021,24016402,177931,405164,1900,27887,120779,1066867,286271779,0.118,1610524,1130189,71.76
1/16/2021,23838471,201858,403264,3416,28117,121079,1580906,285204912,0.12,1610524,1130189,71.76
1/15/2021,23636613,242780,399848,3909,28419,123743,2029363,283624006,0.121,1610524,1130189,71.76
1/14/2021,23393833,235766,395939,3970,28525,133214,2069086,281594643,0.126,1342086,870529,71.76
1/13/2021,23158067,230301,391969,3995,28732,126529,2098850,279525557,0.129,0,951324,71.76
1/12/2021,22927766,226967,387974,4461,28889,127030,2020264,277426707,0.131,0,339816,71.76
1/11/2021,22700799,214664,383513,2101,28738,127585,1516405,275406443,0.135,0,768813,71.76
1/10/2021,22486135,213415,381412,2017,28369,126481,1159490,273890038,0.136,0,768813,71.76
1/9/2021,22272720,260967,379395,3304,28188,126384,1712618,272730548,0.135,0,768813,71.76
1/8/2021,22011753,295257,376091,4097,28366,127854,2144346,271017930,0.142,0,768813,71.76
1/7/2021,21716496,278337,371994,4006,28491,128782,2252267,268873584,0.143,0,612621,71.76
1/6/2021,21438159,255637,367988,3895,28607,129769,2319313,266621317,0.146,0,470328,71.76
1/5/2021,21182522,235042,364093,3688,28526,128826,1953270,264302004,0.146,0,273209,71.76
1/4/2021,20947480,184005,360405,2100,28264,127396,1393298,262348734,0.145,0,57909,71.76
1/3/2021,20763475,208853,358305,1453,28005,125568,1041696,260955436,0.146,0,57909,71.76
1/2/2021,20554622,300462,356852,2555,27614,122642,1108574,259913740,0.142,0,57909,71.76
1/1/2021,20254160,153916,354297,2133,27470,121028,1243288,258805166,0.139,0,57909,71.76
12/31/2020,20100244,235600,352164,3430,27747,123314,1920246,257561878,0.136,0,57909,71.76
12/30/2020,19864644,233701,348734,3792,27696,123884,2185470,255641632,0.128,0,57909,71.76
12/29/2020,19630943,200408,344942,3614,27779,122629,1856074,253456162,0.124,0,57909,71.76
12/28/2020,19430535,174152,341328,2008,27515,121394,1282138,251600088,0.12,0,57909,71.76
12/27/2020,19256383,155845,339320,1437,27060,118953,936579,250317950,0.116,0,57909,71.76
12/26/2020,19100538,226416,337883,1889,26732,115483,981375,249381371,0.118,0,57909,71.76
12/25/2020,18874122,97880,335994,1455,26556,113455,1072979,248399996,0.114,0,57909,71.76
12/24/2020,18776242,194155,334539,2899,26711,116237,1889941,247327017,0.112,0,57909,71.76
12/23/2020,18582087,229624,331640,3425,26925,118075,2276884,245437076,0.114,0,57909,71.76
12/22/2020,18352463,198107,328215,3396,26729,117492,1985408,243160192,0.116,0,57909,71.76
12/21/2020,18154356,198703,324819,1904,26429,114615,1525812,241174784,0.116,0,57909,71.76
12/20/2020,17955653,188015,322915,1730,26055,112375,1275553,239648972,0.118,0,0,71.76
12/19/2020,17767638,192102,321185,2673,25802,111066,1710198,238373419,0.119,0,0,71.76
12/18/2020,17575536,251832,318512,2969,25948,112091,2019883,236663221,0.12,0,0,71.76
12/17/2020,17323704,239900,315543,3499,25890,112422,2050453,234643338,0.121,0,0,71.76
12/16/2020,17083804,246644,312044,3680,25970,111984,2075056,232592885,0.118,0,0,71.76
12/15/2020,16837160,208992,308364,3091,25812,110978,1942406,230517829,0.117,0,0,71.76
12/14/2020,16628168,194314,305273,1656,25560,109674,1491318,228575423,0.12,0,0,71.76
12/13/2020,16433854,187971,303617,1635,25073,107383,1248698,227084105,0.119,0,0,71.76
12/12/2020,16245883,217797,301982,2474,24633,105337,1721469,225835407,0.118,0,0,71.76
12/11/2020,16028086,240089,299508,3406,24747,105634,2054596,224113938,0.118,0,0,71.76
12/10/2020,15787997,231428,296102,2994,24636,105033,2180357,222059342,0.116,0,0,71.76
12/9/2020,15556569,222648,293108,3179,24614,104360,2122463,219878985,0.118,0,0,71.76
12/8/2020,15333921,224452,289929,2621,24195,102293,1912657,217756522,0.118,0,0,71.76
12/7/2020,15109469,194409,287308,1603,23892,101014,1538979,215843865,0.117,0,0,71.76
12/6/2020,14915060,181253,285705,1360,23435,98642,1292882,214304886,0.115,0,0,71.76
12/5/2020,14733807,215811,284345,2364,23171,97232,1691400,213012004,0.114,0,0,71.76
12/4/2020,14517996,232644,281981,2696,23122,98129,2116796,211320604,0.111,0,0,71.76
12/3/2020,14285352,223421,279285,2942,23043,97838,2146579,209203808,0.11,0,0,71.76
12/2/2020,14061931,202894,276343,2817,22963,97830,2096633,207057229,0.109,0,0,71.76
12/1/2020,13859037,188339,273526,2546,22870,96670,1841867,204960596,0.106,0,0,75.46
11/30/2020,13670698,160321,270980,1348,22501,95093,1464206,203118729,0.102,0,0,75.46
11/29/2020,13510377,140328,269632,1041,21920,92444,1151750,201654523,0.101,0,0,75.46
11/28/2020,13370049,155661,268591,1365,21484,89594,1347710,200502773,0.099,0,0,75.46
11/27/2020,13214388,207933,267226,1554,21329,88094,1511315,199155063,0.098,0,0,75.46
11/26/2020,13006455,112526,265672,1386,21026,86543,1506776,197643748,0.096,0,0,75.46
11/25/2020,12893929,183403,264286,2260,20831,87107,2224227,196136972,0.095,0,0,75.46
11/24/2020,12710526,175544,262026,2131,20573,86023,1969455,193912745,0.094,0,0,75.46
11/23/2020,12534982,174089,259895,1099,20176,84161,1672634,191943290,0.094,0,0,75.46
11/22/2020,12360893,146947,258796,1037,19658,81782,1422794,190270656,0.095,0,0,75.46
11/21/2020,12213946,179436,257759,1623,19091,79849,1856343,188847862,0.096,0,0,75.46
11/20/2020,12034510,198333,256136,1959,18916,79731,2149060,186991519,0.096,0,0,75.46
11/19/2020,11836177,191510,254177,2054,18742,78339,2075449,184842459,0.097,0,0,75.46
11/18/2020,11644667,173251,252123,1915,18331,77313,2098762,182767010,0.096,0,0,75.46
11/17/2020,11471416,163958,250208,1717,18088,75492,1904707,180668248,0.097,0,0,75.46
11/16/2020,11307458,162624,248491,834,17538,73094,1490422,178763541,0.098,0,0,75.46
11/15/2020,11144834,136356,247657,780,16808,69510,1197937,177273119,0.099,0,0,65.28
11/14/2020,11008478,167926,246877,1347,16238,67209,1599128,176075182,0.097,0,0,65.28
11/13/2020,10840552,180398,245530,1199,15874,66131,1904617,174476054,0.093,0,0,65.28
11/12/2020,10660154,164750,244331,1209,15593,65194,1853091,172571437,0.09,0,0,65.28
11/11/2020,10495404,146750,243122,1434,15117,63324,1790880,170718346,0.088,0,0,65.28
11/10/2020,10348654,140504,241688,1416,14836,61411,1538345,168927466,0.085,0,0,65.28
11/9/2020,10208150,120434,240272,775,14409,58472,1223843,167389121,0.082,0,0,65.28
11/8/2020,10087716,115170,239497,573,14008,55701,1011008,166165278,0.08,0,0,62.5
11/7/2020,9972546,127510,238924,1089,13478,53806,1455777,165154270,0.077,0,0,62.5
11/6/2020,9845036,128033,237835,1225,13356,52823,1677445,163698493,0.079,0,0,62.5
11/5/2020,9717003,129367,236610,1165,13227,51770,1695694,162021048,0.076,0,0,62.5
11/4/2020,9587636,104541,235445,1107,13002,50458,1632258,160325354,0.073,0,0,62.5
11/3/2020,9483095,127198,234338,1578,12927,49099,1367384,158693096,0.071,0,0,62.5
11/2/2020,9355897,85211,232760,572,12593,47976,1017084,157325712,0.069,0,0,62.5
11/1/2020,9270686,104900,232188,506,12131,46097,900360,156308628,0.067,0,0,62.5
10/31/2020,9165786,89754,231682,925,11901,45142,1220994,155408268,0.066,0,0,62.5
10/30/2020,9076032,99264,230757,1058,11850,45119,1501360,154187274,0.065,0,0,62.5
10/29/2020,8976768,91019,229699,1004,11844,44257,1485077,152685914,0.062,0,0,62.5
10/28/2020,8885749,79426,228695,1032,11680,43564,1502886,151200837,0.061,0,0,62.5
10/27/2020,8806323,76838,227663,972,11429,42266,1339437,149697951,0.059,0,0,62.5
10/26/2020,8729485,67310,226691,533,11108,41323,953390,148358514,0.057,0,0,62.5
10/25/2020,8662175,62204,226158,461,10851,39978,793556,147405124,0.057,0,0,66.2
10/24/2020,8599971,82767,225697,954,10710,39329,1179808,146611568,0.055,0,0,66.2
10/23/2020,8517204,81933,224743,963,10709,39064,1465500,145431760,0.053,0,0,66.2
10/22/2020,8435271,76310,223780,893,10649,38836,1532153,143966260,0.053,0,0,66.2
10/21/2020,8358961,63301,222887,1122,10436,38103,1479339,142434107,0.053,0,0,66.2
10/20/2020,8295660,61956,221765,925,10214,37397,1276938,140954768,0.053,0,0,66.2
10/19/2020,8233704,67717,220840,483,10075,36430,875060,139677830,0.054,0,0,66.2
10/18/2020,8165987,49367,220357,490,9725,35004,770668,138802770,0.053,0,0,66.2
10/17/2020,8116620,56759,219867,765,9516,34312,1116363,138032102,0.053,0,0,66.2
10/16/2020,8059861,69147,219102,944,9538,34630,1329406,136915739,0.052,0,0,66.2
10/15/2020,7990714,64880,218158,838,9478,34379,1302752,135586333,0.05,0,0,66.2
10/14/2020,7925834,59778,217320,987,9291,33899,1228905,134283581,0.048,0,0,66.2
10/13/2020,7866056,52231,216333,800,9412,33498,1064418,133054676,0.047,0,0,66.2
10/12/2020,7813825,41774,215533,399,9047,32758,809044,131990258,0.044,0,0,62.5
10/11/2020,7772051,45981,215134,471,8819,31433,747807,131181214,0.044,0,0,62.5
10/10/2020,7726070,54953,214663,659,8730,30979,1103831,130433407,0.043,0,0,62.5
10/9/2020,7671117,56384,214004,971,8723,31197,1400375,129329576,0.043,0,0,62.5
10/8/2020,7614733,58599,213033,991,8624,30997,1430747,127929201,0.044,0,0,62.5
10/7/2020,7556134,51056,212042,917,8638,30524,1411996,126498454,0.044,0,0,62.5
10/6/2020,7505078,45289,211125,685,8571,29990,1227045,125086458,0.044,0,0,62.5
10/5/2020,7459789,39376,210440,483,8333,28947,806726,123859413,0.045,0,0,62.5
10/4/2020,7420413,35738,209957,374,8120,27868,641383,123052687,0.045,0,0,62.5
10/3/2020,7384675,48577,209583,683,7965,27268,976738,122411304,0.045,0,0,62.5
10/2/2020,7336098,54950,208900,855,7958,27408,1192311,121434566,0.045,0,0,62.5
10/1/2020,7281148,45650,208045,869,8007,27471,1224733,120242255,0.045,0,0,62.5
9/30/2020,7235498,39443,207176,954,8072,27666,1201046,119017522,0.045,0,0,62.5
9/29/2020,7196055,43338,206222,863,8045,27503,984478,117816476,0.044,0,0,62.5
9/28/2020,7152717,33294,205359,356,7917,27019,667343,116831998,0.045,0,0,62.5
9/27/2020,7119423,37528,205003,315,8069,25973,597342,116164655,0.045,0,0,62.5
9/26/2020,7081895,44673,204688,769,7798,25907,938739,115567313,0.045,0,0,62.5
9/25/2020,7037222,48295,203919,941,7817,26291,1129146,114628574,0.045,0,0,62.5
9/24/2020,6988927,47103,202978,898,7834,26423,1201879,113499428,0.044,0,0,62.5
9/23/2020,6941824,39069,202080,1062,7865,26501,1204119,112297549,0.044,0,0,62.5
9/22/2020,6902755,39866,201018,1028,7851,26421,1028667,111093430,0.045,0,0,62.5
9/21/2020,6862889,51878,199990,424,7862,26378,749382,110064763,0.043,0,0,62.5
9/20/2020,6811011,38447,199566,267,7847,25545,623867,109315381,0.042,0,0,62.5
9/19/2020,6772564,42202,199299,730,7842,25488,938076,108691514,0.042,0,0,62.5
9/18/2020,6730362,49282,198569,889,7962,25822,1228708,107753438,0.042,0,0,62.5
9/17/2020,6681080,45130,197680,857,8015,26073,1157365,106524730,0.042,0,0,62.5
9/16/2020,6635950,39030,196823,957,8063,26358,1138817,105367365,0.042,0,0,62.5
9/15/2020,6596920,39492,195866,1199,8153,26917,966437,104228548,0.042,0,0,62.5
9/14/2020,6557428,34423,194667,434,8259,26770,708094,103262111,0.043,0,0,62.5
9/13/2020,6523005,34372,194233,428,8252,26304,627356,102554017,0.043,0,0,62.5
9/12/2020,6488633,41101,193805,710,8304,26488,865237,101926661,0.043,0,0,62.5
9/11/2020,6447532,47769,193095,1154,8524,27349,1099526,101061424,0.044,0,0,67.13
9/10/2020,6399763,36056,191941,922,8584,28000,1086945,99961898,0.046,0,0,67.13
9/9/2020,6363707,34049,191019,1158,8777,28760,958157,98874953,0.047,0,0,67.13
9/8/2020,6329658,27226,189861,457,8965,28933,662886,97916796,0.047,0,0,67.13
9/7/2020,6302432,23613,189404,314,8966,28570,414239,97253910,0.048,0,0,67.13
9/6/2020,6278819,31218,189090,469,9003,28355,565216,96839671,0.048,0,0,67.13
9/5/2020,6247601,43158,188621,757,9087,28882,815963,96274455,0.048,0,0,67.13
9/4/2020,6204443,50382,187864,957,9224,29913,998624,95458492,0.048,0,0,67.13
9/3/2020,6154061,44251,186907,1030,9231,30327,1032023,94459868,0.047,0,0,67.13
9/2/2020,6109810,41018,185877,1073,9361,30862,1026188,93427845,0.048,0,0,67.13
9/1/2020,6068792,41846,184804,1027,9472,31147,906655,92401657,0.049,0,0,67.13
8/31/2020,6026946,35362,183777,542,9511,31429,661233,91495002,0.048,0,0,67.13
8/30/2020,5991584,34404,183235,441,9548,31110,614340,90833769,0.048,0,0,67.13
8/29/2020,5957180,42754,182794,916,9695,31210,798282,90219429,0.049,0,0,67.13
8/28/2020,5914426,46832,181878,975,9882,31933,986841,89421147,0.049,0,0,67.13
8/27/2020,5867594,45393,180903,1113,9900,33306,1020015,88434306,0.049,0,0,67.13
8/26/2020,5822201,45172,179790,1162,10380,33649,1017573,87414291,0.049,0,0,67.13
8/25/2020,5777029,40354,178628,1223,10605,34530,905246,86396718,0.049,0,0,67.13
8/24/2020,5736675,36482,177405,476,10694,34807,666342,85491472,0.05,0,0,67.13
8/23/2020,5700193,34247,176929,546,10734,34640,561756,84825130,0.05,0,0,67.13
8/22/2020,5665946,43064,176383,909,10776,34919,794325,84263374,0.051,0,0,67.13
8/21/2020,5622882,48843,175474,1083,10936,35748,965327,83469049,0.052,0,0,67.13
8/20/2020,5574039,44041,174391,1104,11255,37336,996135,82503722,0.053,0,0,67.13
8/19/2020,5529998,47320,173287,1335,11564,38025,1004833,81507587,0.054,0,0,67.13
8/18/2020,5482678,45033,171952,1227,11949,38919,895057,80502754,0.055,0,0,67.13
8/17/2020,5437645,36652,170725,493,11958,39066,676495,79607697,0.056,0,0,67.13
8/16/2020,5400993,39212,170232,615,11980,38872,572683,78931202,0.055,0,0,67.13
8/15/2020,5361781,46951,169617,1000,12236,38721,767771,78358519,0.056,0,0,67.13
8/14/2020,5314830,65336,168617,1337,12506,40022,961365,77590748,0.057,0,0,67.13
8/13/2020,5249494,51316,167280,1064,12562,41016,980079,76629383,0.057,0,0,67.13
8/12/2020,5198178,56040,166216,1504,12863,41859,1028326,75649304,0.058,0,0,67.13
8/11/2020,5142138,48003,164712,1024,13053,41677,909036,74620978,0.059,0,0,67.13
8/10/2020,5094135,47606,163688,634,13171,42102,784688,73711942,0.059,0,0,67.13
8/9/2020,5046529,45769,163054,521,13158,41521,626533,72927254,0.06,0,0,67.13
8/8/2020,5000760,54134,162533,1070,13354,41626,815560,72300721,0.061,0,0,67.13
8/7/2020,4946626,59303,161463,1243,13762,43230,1015189,71485161,0.063,0,0,67.13
8/6/2020,4887323,59349,160220,1237,13883,43900,989940,70469972,0.064,0,0,67.13
8/5/2020,4827974,54466,158983,1440,14055,44693,965193,69480032,0.065,0,0,67.13
8/4/2020,4773508,58774,157543,1284,14111,45165,883250,68514839,0.066,0,0,67.13
8/3/2020,4714734,45501,156259,583,14230,45373,776520,67631589,0.066,0,0,67.13
8/2/2020,4669233,45568,155676,438,13974,50116,624230,66855069,0.067,0,0,67.13
8/1/2020,4623665,56201,155238,1087,14307,50276,792454,66230839,0.067,0,0,67.13
7/31/2020,4567464,68712,154151,1237,14523,46018,990163,65438385,0.066,0,0,67.13
7/30/2020,4498752,67466,152914,1237,14567,46683,1037924,64448222,0.067,0,0,67.13
7/29/2020,4431286,71873,151677,1408,13941,45473,1040240,63410298,0.067,0,0,67.13
7/28/2020,4359413,66412,150269,1331,14494,47966,967949,62370058,0.067,0,0,67.13
7/27/2020,4293001,56783,148938,1127,14135,46980,797423,61402109,0.067,0,0,67.13
7/26/2020,4236218,54816,147811,531,12297,42958,677247,60604686,0.067,0,0,67.13
7/25/2020,4181402,64953,147280,932,14290,51617,881846,59927439,0.067,0,0,67.13
7/24/2020,4116449,73319,146348,1104,13624,46780,1074517,59045593,0.068,0,0,67.13
7/23/2020,4043130,68445,145244,1068,13805,47615,1083679,57971076,0.069,0,0,67.13
7/22/2020,3974685,70579,144176,1223,12487,46136,1109544,56887397,0.071,0,0,67.13
7/21/2020,3904106,64461,142953,1085,11458,42192,1036197,55777853,0.071,0,0,67.13
7/20/2020,3839645,62107,141868,562,11291,41140,907766,54741656,0.072,0,0,67.13
7/19/2020,3777538,60456,141306,485,10271,37899,718168,53833890,0.072,0,0,68.98
7/18/2020,3717082,62536,140821,859,10963,40399,912511,53115722,0.073,0,0,68.98
7/17/2020,3654546,72236,139962,924,10700,40060,1047218,52203211,0.074,0,0,68.98
7/16/2020,3582310,75866,139038,952,9797,38534,1028784,51155993,0.073,0,0,68.98
7/15/2020,3506444,68090,138086,981,9245,33757,1035323,50127209,0.072,0,0,68.98
7/14/2020,3438354,68051,137105,915,0,0,1003816,49091886,0.073,0,0,68.98
7/13/2020,3370303,58930,136190,447,0,0,867951,48088070,0.073,0,0,68.98
7/12/2020,3311373,58424,135743,472,0,0,698248,47220119,0.072,0,0,68.98
7/11/2020,3252949,60017,135271,729,0,0,840420,46521871,0.072,0,0,68.98
7/10/2020,3192932,68057,134542,816,0,0,1015846,45681451,0.072,0,0,68.98
7/9/2020,3124875,62509,133726,1019,0,0,1011662,44665605,0.072,0,0,68.98
7/8/2020,3062366,60119,132707,822,0,0,980370,43653943,0.073,0,0,68.98
7/7/2020,3002247,60661,131885,1159,0,0,903143,42673573,0.072,0,0,68.98
7/6/2020,2941586,43106,130726,377,0,0,725237,41770430,0.071,0,0,68.98
7/5/2020,2898480,50747,130349,326,0,0,526833,41045193,0.071,0,0,68.98
7/4/2020,2847733,45693,130023,315,0,0,620498,40518360,0.07,0,0,68.98
7/3/2020,2802040,51351,129708,670,0,0,800995,39897862,0.068,0,0,68.98
7/2/2020,2750689,56636,129038,710,0,0,858468,39096867,0.066,0,0,68.98
7/1/2020,2694053,51820,128328,701,0,0,884467,38238399,0.065,0,0,68.98
6/30/2020,2642233,46420,127627,555,0,0,855873,37353932,0.063,0,0,68.98
6/29/2020,2595813,41299,127072,386,0,0,664654,36498059,0.063,0,0,68.98
6/28/2020,2554514,40734,126686,315,0,0,566019,35833405,0.063,0,0,68.98
6/27/2020,2513780,41330,126371,507,0,0,693503,35267386,0.061,0,0,68.98
6/26/2020,2472450,45999,125864,628,0,0,809726,34573883,0.06,0,0,68.98
6/25/2020,2426451,40326,125236,538,0,0,771383,33764157,0.058,0,0,68.98
6/24/2020,2386125,35878,124698,737,0,0,766711,32992774,0.055,0,0,68.98
6/23/2020,2350247,37072,123961,748,0,0,700298,32226063,0.053,0,0,68.98
6/22/2020,2313175,32144,123213,406,0,0,547713,31525765,0.051,0,0,68.98
6/21/2020,2281031,25150,122807,320,0,0,421298,30978052,0.05,0,0,68.98
6/20/2020,2255881,32280,122487,558,0,0,584080,30556754,0.048,0,0,68.98
6/19/2020,2223601,31544,121929,629,0,0,704237,29972674,0.046,0,0,68.98
6/18/2020,2192057,28537,121300,691,0,0,701776,29268437,0.045,0,0,68.98
6/17/2020,2163520,27072,120609,739,0,0,705724,28566661,0.044,0,0,68.98
6/16/2020,2136448,23667,119870,813,0,0,672706,27860937,0.044,0,0,68.98
6/15/2020,2112781,19827,119057,396,0,0,506199,27188231,0.043,0,0,68.98
6/14/2020,2092954,18941,118661,344,0,0,413140,26682032,0.043,0,0,72.69
6/13/2020,2074013,25212,118317,739,0,0,531667,26268892,0.042,0,0,72.69
6/12/2020,2048801,24828,117578,827,0,0,616361,25737225,0.042,0,0,72.69
6/11/2020,2023973,23166,116751,826,0,0,614658,25120864,0.042,0,0,72.69
6/10/2020,2000807,21111,115925,881,0,0,628561,24506206,0.042,0,0,72.69
6/9/2020,1979696,18383,115044,907,0,0,560065,23877645,0.042,0,0,72.69
6/8/2020,1961313,17616,114137,508,0,0,448969,23317580,0.043,0,0,72.69
6/7/2020,1943697,17928,113629,462,0,0,405528,22868611,0.042,0,0,72.69
6/6/2020,1925769,21142,113167,642,0,0,464295,22463083,0.043,0,0,72.69
6/5/2020,1904627,25403,112525,889,0,0,572673,21998788,0.044,0,0,72.69
6/4/2020,1879224,21658,111636,1006,0,0,617979,21426115,0.044,0,0,72.69
6/3/2020,1857566,19857,110630,1007,0,0,581887,20808136,0.045,0,0,72.69
6/2/2020,1837709,21502,109623,980,0,0,521305,20226249,0.045,0,0,72.69
6/1/2020,1816207,17414,108643,778,0,0,438826,19704944,0.044,0,0,72.69
5/31/2020,1798793,18983,107865,618,0,0,373177,19266118,0.046,0,0,72.69
5/30/2020,1779810,23632,107247,953,0,0,453309,18892941,0.047,0,0,72.69
5/29/2020,1756178,24478,106294,1131,0,0,545873,18439632,0.047,0,0,72.69
5/28/2020,1731700,22320,105163,1092,0,0,535186,17893759,0.048,0,0,72.69
5/27/2020,1709380,18551,104071,1459,0,0,552920,17358573,0.051,0,0,72.69
5/26/2020,1690829,19663,102612,678,0,0,460698,16805653,0.053,0,0,72.69
5/25/2020,1671166,18662,101934,597,0,0,329052,16344955,0.056,0,0,72.69
5/24/2020,1652504,20077,101337,640,0,0,346418,16015903,0.057,0,0,72.69
5/23/2020,1632427,21099,100697,1085,0,0,389953,15669485,0.058,0,0,72.69
5/22/2020,1611328,23649,99612,1223,0,0,491462,15279532,0.06,0,0,72.69
5/21/2020,1587679,25769,98389,1185,0,0,459189,14788070,0.061,0,0,72.69
5/20/2020,1561910,22725,97204,1498,0,0,462403,14328881,0.062,0,0,72.69
5/19/2020,1539185,20979,95706,1459,0,0,433284,13866478,0.062,0,0,72.69
5/18/2020,1518206,22389,94247,1225,0,0,352590,13433194,0.063,0,0,72.69
5/17/2020,1495817,18388,93022,825,0,0,304370,13080604,0.062,0,0,72.69
5/16/2020,1477429,24135,92197,1200,0,0,365723,12776234,0.064,0,0,72.69
5/15/2020,1453294,24733,90997,1667,0,0,445161,12410511,0.064,0,0,72.69
5/14/2020,1428561,26817,89330,1780,0,0,449991,11965350,0.066,0,0,72.69
5/13/2020,1401744,20433,87550,1726,0,0,450244,11515359,0.069,0,0,72.69
5/12/2020,1381311,22927,85824,1599,0,0,421690,11065115,0.072,0,0,72.69
5/11/2020,1358384,19298,84225,1044,0,0,319693,10643425,0.075,0,0,72.69
5/10/2020,1339086,18805,83181,987,0,0,248805,10323732,0.078,0,0,72.69
5/9/2020,1320281,25176,82194,1463,0,0,335429,10074927,0.082,0,0,72.69
5/8/2020,1295105,26830,80731,1758,0,0,403204,9739498,0.086,0,0,72.69
5/7/2020,1268275,27429,78973,1924,0,0,362257,9336294,0.089,0,0,72.69
5/6/2020,1240846,24569,77049,2307,0,0,359603,8974037,0.091,0,0,72.69
5/5/2020,1216277,24528,74742,2216,0,0,319444,8614434,0.096,0,0,72.69
5/4/2020,1191749,24068,72526,1391,0,0,250857,8294990,0.099,0,0,72.69
5/3/2020,1167681,24321,71135,1197,0,0,215520,8044133,0.101,0,0,72.69
5/2/2020,1143360,27348,69938,1732,0,0,268321,7828613,0.103,0,0,72.69
5/1/2020,1116012,34907,68206,1914,0,0,336572,7560292,0.109,0,0,72.69
4/30/2020,1081105,29205,66292,2187,0,0,322549,7223720,0.115,0,0,72.69
4/29/2020,1051900,26459,64105,2411,0,0,294737,6901171,0.121,0,0,72.69
4/28/2020,1025441,24575,61694,2223,0,0,269666,6606434,0.127,0,0,72.69
4/27/2020,1000866,23715,59471,1520,0,0,225779,6336768,0.132,0,0,72.69
4/26/2020,977151,26488,57951,1406,0,0,171551,6110989,0.139,0,0,72.69
4/25/2020,950663,30380,56545,1716,0,0,219487,5939438,0.143,0,0,72.69
4/24/2020,920283,32327,54829,2188,0,0,259353,5719951,0.145,0,0,72.69
4/23/2020,887956,33612,52641,2457,0,0,233087,5460598,0.149,0,0,72.69
4/22/2020,854344,28911,50184,2458,0,0,235771,5227511,0.154,0,0,72.69
4/21/2020,825433,25926,47726,2512,0,0,221135,4991740,0.157,0,0,72.69
4/20/2020,799507,29820,45214,2229,0,0,160338,4770605,0.165,0,0,72.69
4/19/2020,769687,26062,42985,1979,0,0,134294,4610267,0.171,0,0,72.69
4/18/2020,743625,27907,41006,1977,0,0,167088,4475973,0.174,0,0,72.69
4/17/2020,715718,33066,39029,2113,0,0,198570,4308885,0.172,0,0,72.69
4/16/2020,682652,30002,36916,2150,0,0,184202,4110315,0.177,0,0,72.69
4/15/2020,652650,25408,34766,2608,0,0,172220,3926113,0.182,0,0,72.69
4/14/2020,627242,28818,32158,2452,0,0,162516,3753893,0.189,0,0,72.69
4/13/2020,598424,26939,29706,2011,0,0,114218,3591377,0.19,0,0,72.69
4/12/2020,571485,27256,27695,1874,0,0,111660,3477159,0.188,0,0,72.69
4/11/2020,544229,29083,25821,2124,0,0,210749,3365499,0.184,0,0,72.69
4/10/2020,515146,34403,23697,2197,0,0,173033,3154750,0.194,0,0,72.69
4/9/2020,480743,35942,21500,2213,0,0,175072,2981717,0.194,0,0,72.69
4/8/2020,444801,31235,19287,2159,0,0,169167,2806645,0.192,0,0,72.69
4/7/2020,413566,30779,17128,2572,0,0,180462,2637478,0.191,0,0,72.69
4/6/2020,382787,31390,14556,1773,0,0,144040,2457016,0.191,0,0,72.69
4/5/2020,351397,29895,12783,1618,0,0,139584,2312976,0.188,0,0,72.69
4/4/2020,321502,32386,11165,1565,0,0,148721,2173392,0.187,0,0,72.69
4/3/2020,289116,32307,9600,1430,0,0,170031,2024671,0.181,0,0,72.69
4/2/2020,256809,32222,8170,1515,0,0,162245,1854640,0.176,0,0,72.69
4/1/2020,224587,32286,6655,1285,0,0,153642,1692395,0.17,0,0,72.69
3/31/2020,192301,26314,5370,1082,0,0,142518,1538753,0.162,0,0,72.69
3/30/2020,165987,22075,4288,711,0,0,123628,1396235,0.156,0,0,72.69
3/29/2020,143912,18899,3577,592,0,0,110183,1272607,0.152,0,0,72.69
3/28/2020,125013,19630,2985,674,0,0,122038,1162424,0.146,0,0,72.69
3/27/2020,105383,18690,2311,526,0,0,136299,1040386,0.14,0,0,72.69
3/26/2020,86693,17856,1785,416,0,0,129529,904087,0.133,0,0,72.69
3/25/2020,68837,12082,1369,336,0,0,115037,774558,0.128,0,0,72.69
3/24/2020,56755,10619,1033,241,0,0,104818,659521,0.127,0,0,72.69
3/23/2020,46136,11238,792,189,0,0,80470,554703,0.128,0,0,72.69
3/22/2020,34898,8873,603,128,0,0,74452,474233,0.123,0,0,72.69
3/21/2020,26025,5995,475,103,0,0,76461,399781,0.12,0,0,72.69
3/20/2020,20030,6367,372,106,0,0,76392,323320,0.117,0,0,67.13
3/19/2020,13663,4494,266,72,0,0,60752,246928,0.12,0,0,67.13
3/18/2020,9169,2657,194,60,0,0,50859,186176,0.121,0,0,55.09
3/17/2020,6512,1833,134,37,0,0,40195,135317,0.124,0,0,55.09
3/16/2020,4679,1467,97,27,0,0,27544,95122,0.138,0,0,52.31
3/15/2020,3212,234,70,12,0,0,14428,67578,0.158,0,0,41.2
3/14/2020,2978,759,58,7,0,0,12993,53150,0.146,0,0,35.65
3/13/2020,2219,633,51,8,0,0,11862,40157,0.149,0,0,30.09
3/12/2020,1586,439,43,10,0,0,8962,28295,0.167,0,0,30.09
3/11/2020,1147,365,33,5,0,0,4851,19333,0.186,0,0,21.76
3/10/2020,782,188,28,6,0,0,3477,14482,0.186,0,0,20.37
3/9/2020,594,75,22,1,0,0,2439,11005,0.188,0,0,20.37
3/8/2020,519,116,21,4,0,0,1638,8566,0.168,0,0,20.37
3/7/2020,403,166,17,3,0,0,1799,6928,0.163,0,0,20.37
3/6/2020,237,53,14,2,0,0,1542,5129,0,0,0,20.37
3/5/2020,184,77,12,1,0,0,1217,3587,0,0,0,20.37
3/4/2020,107,33,11,4,0,0,890,2370,0,0,0,11.11
3/3/2020,74,19,7,1,0,0,619,1480,0,0,0,11.11
3/2/2020,55,23,6,5,0,0,513,861,0,0,0,11.11
3/1/2020,32,7,1,0,0,0,348,348,0,0,0,8.33
2/29/2020,25,8,1,1,0,0,0,0,0,0,0,5.56
2/28/2020,17,0,0,0,0,0,0,0,0,0,0,5.56
2/27/2020,17,1,0,0,0,0,0,0,0,0,0,5.56
2/26/2020,16,0,0,0,0,0,0,0,0,0,0,5.56
2/25/2020,16,0,0,0,0,0,0,0,0,0,0,5.56
2/24/2020,16,0,0,0,0,0,0,0,0,0,0,5.56
2/23/2020,16,0,0,0,0,0,0,0,0,0,0,5.56
2/22/2020,16,0,0,0,0,0,0,0,0,0,0,5.56
2/21/2020,16,2,0,0,0,0,0,0,0,0,0,5.56
2/20/2020,14,0,0,0,0,0,0,0,0,0,0,5.56
2/19/2020,14,0,0,0,0,0,0,0,0,0,0,5.56
2/18/2020,14,0,0,0,0,0,0,0,0,0,0,5.56
2/17/2020,14,0,0,0,0,0,0,0,0,0,0,5.56
2/16/2020,14,0,0,0,0,0,0,0,0,0,0,5.56
2/15/2020,14,0,0,0,0,0,0,0,0,0,0,5.56
2/14/2020,14,0,0,0,0,0,0,0,0,0,0,5.56
2/13/2020,14,1,0,0,0,0,0,0,0,0,0,5.56
2/12/2020,13,0,0,0,0,0,0,0,0,0,0,5.56
2/11/2020,13,1,0,0,0,0,0,0,0,0,0,5.56
2/10/2020,12,0,0,0,0,0,0,0,0,0,0,5.56
2/9/2020,12,0,0,0,0,0,0,0,0,0,0,5.56
2/8/2020,12,0,0,0,0,0,0,0,0,0,0,5.56
2/7/2020,12,0,0,0,0,0,0,0,0,0,0,5.56
2/6/2020,12,1,0,0,0,0,0,0,0,0,0,5.56
2/5/2020,11,0,0,0,0,0,0,0,0,0,0,5.56
2/4/2020,11,0,0,0,0,0,0,0,0,0,0,5.56
2/3/2020,11,3,0,0,0,0,0,0,0,0,0,5.56
2/2/2020,8,0,0,0,0,0,0,0,0,0,0,5.56
2/1/2020,8,0,0,0,0,0,0,0,0,0,0,0
1/31/2020,8,2,0,0,0,0,0,0,0,0,0,0
1/30/2020,6,0,0,0,0,0,0,0,0,0,0,0
1/29/2020,6,1,0,0,0,0,0,0,0,0,0,0
1/28/2020,5,0,0,0,0,0,0,0,0,0,0,0
1/27/2020,5,0,0,0,0,0,0,0,0,0,0,0
1/26/2020,5,3,0,0,0,0,0,0,0,0,0,0
1/25/2020,2,0,0,0,0,0,0,0,0,0,0,0
1/24/2020,2,1,0,0,0,0,0,0,0,0,0,0
1/23/2020,1,0,0,0,0,0,0,0,0,0,0,0
