Date,usd_cad,aud_usd,usd_jpy,gbp_usd,euro_usd,euro_jpy
20-Aug-21,1.2821,0.7134,109.8,1.3621,1.1696,128.42
19-Aug-21,1.2826,0.7146,109.72,1.3638,1.1674,128.09
18-Aug-21,1.2655,0.7231,109.74,1.3755,1.171,128.51
17-Aug-21,1.263,0.7249,109.57,1.3739,1.1708,128.3
16-Aug-21,1.2572,0.7337,109.23,1.385,1.1777,128.64
13-Aug-21,1.2513,0.7369,109.57,1.3863,1.1791,129.19
12-Aug-21,1.2525,0.7334,110.38,1.3804,1.1727,129.48
11-Aug-21,1.2506,0.7372,110.4,1.3872,1.1737,129.58
10-Aug-21,1.2519,0.735,110.56,1.3843,1.1718,129.55
9-Aug-21,1.2574,0.7333,110.28,1.3844,1.1737,129.44
6-Aug-21,1.2552,0.7353,110.25,1.3871,1.176,129.65
5-Aug-21,1.2507,0.7404,109.74,1.3928,1.1832,129.84
4-Aug-21,1.2534,0.7379,109.47,1.3885,1.1835,129.56
3-Aug-21,1.2536,0.7394,109.04,1.3914,1.186,129.32
2-Aug-21,1.2509,0.736,109.28,1.3881,1.1867,129.68
30-Jul-21,1.247,0.7344,109.7,1.3901,1.187,130.21
29-Jul-21,1.2444,0.7395,109.46,1.3961,1.1886,130.12
28-Jul-21,1.2527,0.7376,109.9,1.3898,1.1842,130.14
27-Jul-21,1.26,0.736,109.76,1.3874,1.1814,129.67
26-Jul-21,1.254,0.738,110.34,1.3816,1.1799,130.19
23-Jul-21,1.2561,0.7364,110.54,1.3745,1.1771,130.11
22-Jul-21,1.2564,0.7378,110.14,1.3763,1.177,129.63
21-Jul-21,1.2552,0.7358,110.27,1.371,1.1792,130.03
20-Jul-21,1.2677,0.7329,109.84,1.3626,1.1779,129.38
19-Jul-21,1.2748,0.7342,109.44,1.3672,1.1798,129.12
16-Jul-21,1.2611,0.7402,110.08,1.3772,1.1805,129.89
15-Jul-21,1.2592,0.7427,109.86,1.3828,1.1812,129.77
14-Jul-21,1.2506,0.748,109.99,1.3856,1.1835,130.13
13-Jul-21,1.251,0.7446,110.61,1.3808,1.1774,130.24
12-Jul-21,1.2451,0.7475,110.35,1.388,1.1859,130.86
9-Jul-21,1.2446,0.7485,110.14,1.3899,1.1873,130.77
8-Jul-21,1.2532,0.7429,109.79,1.3785,1.1842,130.01
7-Jul-21,1.2477,0.7481,110.65,1.38,1.1789,130.43
6-Jul-21,1.2462,0.7497,110.6,1.3799,1.1822,130.77
5-Jul-21,1.2338,0.7529,110.96,1.3845,1.1861,131.61
2-Jul-21,1.2319,0.7525,111.04,1.3821,1.1864,131.69
1-Jul-21,1.2436,0.7469,111.5,1.3767,1.1848,132.12
30-Jun-21,1.2394,0.7498,111.1,1.3827,1.1855,131.71
29-Jun-21,1.2401,0.7511,110.5,1.3835,1.1895,131.44
28-Jun-21,1.2335,0.7567,110.62,1.3883,1.1924,131.9
25-Jun-21,1.2294,0.7586,110.77,1.3877,1.1933,132.18
24-Jun-21,1.2322,0.7582,110.86,1.3922,1.193,132.26
23-Jun-21,1.2305,0.7575,110.94,1.3959,1.1925,132.3
22-Jun-21,1.2305,0.7553,110.64,1.3947,1.1938,132.08
21-Jun-21,1.2359,0.7535,110.3,1.3929,1.1915,131.41
18-Jun-21,1.2462,0.7477,110.19,1.3809,1.186,130.69
17-Jun-21,1.2361,0.755,110.2,1.3919,1.1906,131.19
16-Jun-21,1.2276,0.761,110.69,1.3987,1.1994,132.76
15-Jun-21,1.218,0.7685,110.07,1.408,1.2124,133.45
14-Jun-21,1.2141,0.7711,110.06,1.4112,1.2118,133.36
11-Jun-21,1.2155,0.7706,109.65,1.4106,1.2106,132.74
10-Jun-21,1.2094,0.7752,109.31,1.4173,1.2169,133.02
9-Jun-21,1.2109,0.7729,109.61,1.4118,1.2178,133.48
8-Jun-21,1.211,0.774,109.49,1.4155,1.2171,133.26
7-Jun-21,1.2079,0.7753,109.24,1.4178,1.2189,133.15
4-Jun-21,1.2079,0.7737,109.49,1.4154,1.2165,133.19
3-Jun-21,1.2102,0.7658,110.28,1.4103,1.2124,133.7
2-Jun-21,1.2032,0.7752,109.54,1.4168,1.2209,133.74
1-Jun-21,1.207,0.7754,109.45,1.4146,1.2211,133.65
31-May-21,1.2062,0.7734,109.54,1.4209,1.2225,133.95
28-May-21,1.2068,0.7713,109.81,1.4187,1.2189,133.95
27-May-21,1.2064,0.774,109.8,1.4205,1.2192,133.87
26-May-21,1.2117,0.7739,109.14,1.4118,1.219,133.04
25-May-21,1.2062,0.775,108.76,1.4151,1.225,133.23
24-May-21,1.2039,0.7752,108.74,1.4155,1.2215,132.79
21-May-21,1.2066,0.7731,108.94,1.4147,1.2179,132.68
20-May-21,1.2058,0.7775,108.75,1.4189,1.2226,132.96
19-May-21,1.2131,0.7726,109.21,1.4113,1.2172,132.93
18-May-21,1.2064,0.7791,108.88,1.4187,1.222,133.05
17-May-21,1.2066,0.7763,109.19,1.4134,1.2151,132.68
14-May-21,1.2102,0.7772,109.34,1.4096,1.214,132.74
13-May-21,1.216,0.7729,109.45,1.405,1.2078,132.19
12-May-21,1.2131,0.7725,109.65,1.4052,1.2069,132.36
11-May-21,1.2099,0.784,108.61,1.4141,1.2146,131.91
10-May-21,1.2097,0.783,108.78,1.412,1.2129,131.94
7-May-21,1.213,0.7842,108.6,1.3972,1.2163,132.09
6-May-21,1.2148,0.7779,109.08,1.3885,1.2064,131.58
5-May-21,1.2264,0.7747,109.18,1.3903,1.2005,131.07
4-May-21,1.2309,0.7705,109.33,1.3885,1.2013,131.34
3-May-21,1.2276,0.7761,109.06,1.3909,1.2061,131.54
30-Apr-21,1.2289,0.7716,109.27,1.3814,1.2018,131.32
29-Apr-21,1.2279,0.7764,108.91,1.394,1.2118,131.98
28-Apr-21,1.2312,0.7788,108.59,1.3932,1.2123,131.64
27-Apr-21,1.2393,0.7764,108.68,1.3912,1.209,131.38
26-Apr-21,1.2395,0.7799,108.08,1.3896,1.2083,130.55
23-Apr-21,1.2475,0.7745,107.91,1.3874,1.2099,130.56
22-Apr-21,1.2504,0.7707,107.96,1.3836,1.2015,129.71
21-Apr-21,1.2496,0.7751,108.05,1.3929,1.2033,130.05
20-Apr-21,1.2607,0.7723,108.08,1.3936,1.2033,130.05
19-Apr-21,1.2532,0.7757,108.15,1.3983,1.2033,130.14
16-Apr-21,1.2504,0.7733,108.77,1.383,1.1983,130.34
15-Apr-21,1.2541,0.775,108.74,1.3786,1.1965,130.11
14-Apr-21,1.252,0.772,108.91,1.3778,1.1978,130.45
13-Apr-21,1.2531,0.7638,109.05,1.3748,1.1946,130.28
12-Apr-21,1.2561,0.7622,109.37,1.374,1.1909,130.25
9-Apr-21,1.2527,0.7621,109.65,1.3708,1.1896,130.49
8-Apr-21,1.2562,0.7652,109.24,1.3733,1.1912,130.13
7-Apr-21,1.2607,0.7614,109.84,1.3734,1.187,130.38
6-Apr-21,1.2563,0.7662,109.74,1.3823,1.1875,130.32
5-Apr-21,1.2521,0.7649,110.17,1.3897,1.1811,130.12
2-Apr-21,1.2573,0.7606,110.71,1.3829,1.1762,130.18
1-Apr-21,1.2545,0.7617,110.6,1.383,1.1775,130.23
31-Mar-21,1.2558,0.7596,110.7,1.3779,1.1728,129.83
30-Mar-21,1.2634,0.7594,110.34,1.3739,1.1714,129.25
29-Mar-21,1.2588,0.763,109.78,1.3759,1.1762,129.12
26-Mar-21,1.2576,0.7636,109.64,1.3787,1.1796,129.29
25-Mar-21,1.261,0.7579,109.17,1.3732,1.1764,128.43
24-Mar-21,1.2575,0.7582,108.72,1.3683,1.1812,128.42
23-Mar-21,1.2585,0.7622,108.56,1.375,1.1849,128.63
22-Mar-21,1.252,0.7744,108.83,1.3863,1.1931,129.87
19-Mar-21,1.2497,0.7742,108.87,1.3868,1.1903,129.59
18-Mar-21,1.2484,0.7756,108.88,1.392,1.1915,129.73
17-Mar-21,1.24,0.7794,108.83,1.3963,1.1978,130.36
16-Mar-21,1.2443,0.7745,108.98,1.3887,1.19,129.69
15-Mar-21,1.2468,0.7754,109.12,1.3893,1.1928,130.16
12-Mar-21,1.2471,0.7765,109,1.3922,1.1952,130.28
11-Mar-21,1.2526,0.7787,108.49,1.399,1.1984,130.01
10-Mar-21,1.2617,0.7734,108.38,1.393,1.1925,129.22
9-Mar-21,1.2634,0.7711,108.46,1.3893,1.1898,129.05
8-Mar-21,1.266,0.7649,108.86,1.3824,1.1843,128.92
5-Mar-21,1.2655,0.7686,108.34,1.3841,1.1917,129.11
4-Mar-21,1.2665,0.7725,107.97,1.3894,1.1966,129.2
3-Mar-21,1.2653,0.7775,106.99,1.3953,1.2062,129.05
2-Mar-21,1.2631,0.7818,106.67,1.3953,1.2089,128.95
1-Mar-21,1.2645,0.7769,106.75,1.3922,1.2047,128.6
26-Feb-21,1.2739,0.7705,106.58,1.3932,1.2074,128.68
25-Feb-21,1.2599,0.7872,106.21,1.4013,1.2176,129.32
24-Feb-21,1.2511,0.7967,105.86,1.4139,1.2164,128.74
23-Feb-21,1.2587,0.791,105.24,1.411,1.2149,127.86
22-Feb-21,1.261,0.7915,105.06,1.4061,1.2154,127.69
19-Feb-21,1.261,0.7869,105.43,1.4014,1.2117,127.75
18-Feb-21,1.2677,0.7767,105.66,1.3971,1.2088,127.72
17-Feb-21,1.2699,0.7749,105.85,1.3853,1.2036,127.42
16-Feb-21,1.2686,0.7756,106.04,1.3901,1.2104,128.36
15-Feb-21,1.2638,0.7778,105.36,1.3903,1.2127,127.78
12-Feb-21,1.2694,0.7753,104.93,1.3844,1.2118,127.15
11-Feb-21,1.2702,0.7751,104.72,1.3815,1.2128,127.02
10-Feb-21,1.2699,0.7721,104.57,1.3828,1.2116,126.7
9-Feb-21,1.2693,0.7738,104.57,1.3814,1.2117,126.71
8-Feb-21,1.2738,0.77,105.22,1.3738,1.2048,126.77
5-Feb-21,1.2751,0.7677,105.36,1.3733,1.2042,126.87
4-Feb-21,1.2825,0.7599,105.54,1.367,1.1962,126.25
3-Feb-21,1.2781,0.7617,105.01,1.3644,1.2034,126.36
2-Feb-21,1.278,0.7606,104.97,1.3665,1.2042,126.39
1-Feb-21,1.2849,0.7619,104.91,1.3661,1.2059,126.51
29-Jan-21,1.2777,0.7642,104.68,1.3702,1.2136,127.04
28-Jan-21,1.2828,0.7679,104.21,1.3718,1.2121,126.31
27-Jan-21,1.2798,0.7662,104.09,1.3686,1.2108,126.05
26-Jan-21,1.2689,0.7743,103.6,1.3733,1.216,125.96
25-Jan-21,1.2738,0.7708,103.73,1.3674,1.2137,125.9
22-Jan-21,1.2735,0.7716,103.77,1.3684,1.2167,126.26
21-Jan-21,1.2633,0.7763,103.48,1.3732,1.2162,125.86
20-Jan-21,1.2629,0.7746,103.52,1.3653,1.2104,125.3
19-Jan-21,1.2731,0.7695,103.89,1.3628,1.2128,125.98
18-Jan-21,1.2754,0.7679,103.69,1.3584,1.2076,125.22
15-Jan-21,1.2732,0.7702,103.87,1.3586,1.2078,125.45
14-Jan-21,1.2635,0.7777,103.79,1.3687,1.2156,126.17
13-Jan-21,1.2694,0.7732,103.85,1.3637,1.2157,126.25
12-Jan-21,1.2708,0.7771,103.75,1.3663,1.2207,126.63
11-Jan-21,1.2783,0.7695,104.24,1.3514,1.2149,126.65
8-Jan-21,1.2683,0.7759,103.93,1.3563,1.2218,126.98
7-Jan-21,1.2687,0.7768,103.8,1.3563,1.227,127.36
6-Jan-21,1.2674,0.7801,103.04,1.3607,1.2325,127
5-Jan-21,1.267,0.7759,102.72,1.3624,1.2294,126.28
4-Jan-21,1.2777,0.7663,103.1,1.3569,1.2248,126.28
1-Jan-21,1.2727,0.7704,103.2,1.3671,1.2212,125.25
31-Dec-20,1.273,0.7694,103.24,1.3673,1.2213,126.09
30-Dec-20,1.2758,0.7684,103.17,1.3622,1.2295,126.85
29-Dec-20,1.2817,0.7605,103.56,1.35,1.2247,126.83
28-Dec-20,1.2845,0.7577,103.78,1.3449,1.2214,126.77
25-Dec-20,1.2869,0.7599,103.48,1.3548,1.2204,126.29
24-Dec-20,1.2873,0.7596,103.63,1.3555,1.2186,126.27
23-Dec-20,1.2845,0.7572,103.55,1.3492,1.2185,126.18
22-Dec-20,1.2907,0.7521,103.63,1.336,1.2161,126.02
21-Dec-20,1.2854,0.7585,103.3,1.3463,1.2242,126.45
18-Dec-20,1.2783,0.7624,103.31,1.352,1.2255,126.61
17-Dec-20,1.2719,0.7621,103.1,1.3582,1.2266,126.46
16-Dec-20,1.2742,0.7576,103.48,1.3507,1.2197,126.21
15-Dec-20,1.2697,0.7557,103.66,1.3461,1.2151,125.96
14-Dec-20,1.276,0.7537,104.03,1.3322,1.2143,126.32
11-Dec-20,1.2772,0.7533,104.01,1.3223,1.2111,125.97
10-Dec-20,1.2737,0.7533,104.2,1.3293,1.2136,126.46
9-Dec-20,1.2814,0.7445,104.21,1.3396,1.2081,125.89
8-Dec-20,1.2814,0.7411,104.15,1.3353,1.2101,126.03
7-Dec-20,1.2796,0.742,104.06,1.3376,1.2108,125.97
4-Dec-20,1.278,0.7421,104.14,1.3437,1.212,126.22
3-Dec-20,1.286,0.7438,103.83,1.3452,1.214,126.07
2-Dec-20,1.2918,0.7415,104.4,1.3363,1.2115,126.46
1-Dec-20,1.2932,0.7369,104.3,1.3415,1.207,125.89
30-Nov-20,1.3,0.7345,104.27,1.3321,1.1928,124.37
27-Nov-20,1.299,0.7386,104.1,1.3314,1.1962,124.52
26-Nov-20,1.3013,0.7361,104.25,1.3355,1.1913,124.18
25-Nov-20,1.3,0.7363,104.45,1.3382,1.1913,124.43
24-Nov-20,1.2994,0.736,104.43,1.3356,1.1888,124.17
23-Nov-20,1.3077,0.7285,104.54,1.3323,1.184,123.78
20-Nov-20,1.3096,0.7302,103.85,1.3282,1.1853,123.09
19-Nov-20,1.3071,0.7287,103.72,1.3261,1.1873,123.15
18-Nov-20,1.3081,0.7305,103.83,1.3269,1.1852,123.06
17-Nov-20,1.3102,0.7298,104.17,1.3241,1.1861,123.56
16-Nov-20,1.3072,0.7318,104.56,1.3191,1.1853,123.93
13-Nov-20,1.3131,0.7268,104.62,1.3186,1.1832,123.79
12-Nov-20,1.3139,0.7231,105.12,1.3114,1.1804,124.1
11-Nov-20,1.3062,0.7278,105.42,1.3221,1.1777,124.15
10-Nov-20,1.3029,0.7284,105.28,1.3271,1.1814,124.38
9-Nov-20,1.3007,0.7285,105.36,1.3163,1.1813,124.44
6-Nov-20,1.3055,0.7255,103.33,1.3156,1.1872,122.67
5-Nov-20,1.3047,0.7282,103.47,1.3142,1.1821,122.4
4-Nov-20,1.3139,0.7173,104.48,1.2985,1.1722,122.49
3-Nov-20,1.313,0.716,104.46,1.3058,1.1711,122.33
2-Nov-20,1.3215,0.7053,104.71,1.2912,1.164,121.87
30-Oct-20,1.3317,0.7026,104.64,1.2941,1.1647,121.87
29-Oct-20,1.3323,0.7028,104.61,1.2926,1.1674,122.12
28-Oct-20,1.3319,0.7044,104.29,1.2981,1.1744,122.52
27-Oct-20,1.3184,0.7128,104.4,1.3043,1.1795,123.14
26-Oct-20,1.3207,0.7122,104.82,1.3023,1.1808,123.77
23-Oct-20,1.3121,0.7135,104.69,1.304,1.1859,124.15
22-Oct-20,1.3133,0.7115,104.82,1.3081,1.1816,123.87
21-Oct-20,1.3145,0.7117,104.56,1.3144,1.1861,124.01
20-Oct-20,1.3124,0.7046,105.49,1.2944,1.1821,124.69
19-Oct-20,1.3192,0.7067,105.42,1.2947,1.1766,124.04
16-Oct-20,1.3187,0.708,105.4,1.2913,1.1718,123.51
15-Oct-20,1.3219,0.7092,105.44,1.2914,1.1706,123.43
14-Oct-20,1.3145,0.7162,105.15,1.3011,1.1746,123.51
13-Oct-20,1.3137,0.716,105.47,1.2934,1.1744,123.85
12-Oct-20,1.3111,0.7207,105.3,1.3064,1.1813,124.39
9-Oct-20,1.3118,0.7239,105.59,1.3046,1.1824,124.85
8-Oct-20,1.3194,0.7166,106.01,1.2933,1.1758,124.65
7-Oct-20,1.3253,0.7138,105.96,1.2918,1.176,124.61
6-Oct-20,1.3307,0.7104,105.62,1.2877,1.1734,123.91
5-Oct-20,1.3265,0.7179,105.72,1.2977,1.1781,124.55
2-Oct-20,1.3307,0.7162,105.33,1.2931,1.1713,123.35
1-Oct-20,1.3287,0.7183,105.5,1.2889,1.1747,123.93
30-Sep-20,1.3319,0.7161,105.45,1.2916,1.1718,123.52
29-Sep-20,1.3387,0.7127,105.64,1.2861,1.1742,124.04
28-Sep-20,1.3372,0.707,105.49,1.2827,1.1664,123.04
25-Sep-20,1.3384,0.7027,105.6,1.2745,1.163,122.81
24-Sep-20,1.3362,0.7045,105.4,1.2749,1.1672,123.02
23-Sep-20,1.3385,0.7074,105.37,1.2722,1.1659,122.85
22-Sep-20,1.3301,0.7174,104.91,1.2731,1.1706,122.82
21-Sep-20,1.3306,0.7223,104.64,1.2814,1.1769,123.15
18-Sep-20,1.3204,0.7289,104.55,1.2915,1.1837,123.76
17-Sep-20,1.3164,0.7312,104.73,1.2972,1.1847,124.07
16-Sep-20,1.3176,0.7305,104.94,1.2965,1.1814,123.98
15-Sep-20,1.3181,0.7301,105.43,1.2886,1.1845,124.85
14-Sep-20,1.3174,0.7288,105.72,1.2844,1.1868,125.47
11-Sep-20,1.3174,0.7283,106.14,1.2793,1.1845,125.75
10-Sep-20,1.319,0.7256,106.13,1.2803,1.1813,125.37
9-Sep-20,1.3141,0.7282,106.17,1.3,1.1802,125.3
8-Sep-20,1.3232,0.7214,106.01,1.2987,1.1779,124.84
7-Sep-20,1.3096,0.7274,106.25,1.3166,1.1817,125.56
4-Sep-20,1.3061,0.7279,106.23,1.3282,1.1838,125.74
3-Sep-20,1.3126,0.7272,106.17,1.328,1.1849,125.8
2-Sep-20,1.3042,0.7338,106.18,1.3352,1.1853,125.86
1-Sep-20,1.3062,0.7371,105.95,1.3381,1.191,126.19
31-Aug-20,1.3045,0.7375,105.89,1.3369,1.1936,126.39
28-Aug-20,1.3097,0.7366,105.34,1.3349,1.1903,125.39
27-Aug-20,1.3123,0.7258,106.55,1.3198,1.1821,125.95
26-Aug-20,1.3139,0.7231,105.98,1.3208,1.1829,125.36
25-Aug-20,1.3168,0.7194,106.36,1.315,1.1833,125.88
24-Aug-20,1.3216,0.7161,105.97,1.3063,1.1787,124.91
21-Aug-20,1.3175,0.7161,105.78,1.3087,1.1795,124.77
20-Aug-20,1.3182,0.7191,105.79,1.3212,1.1859,125.46
19-Aug-20,1.3213,0.7181,106.1,1.3098,1.1836,125.58
18-Aug-20,1.3167,0.724,105.42,1.3235,1.1929,125.74
17-Aug-20,1.3214,0.7214,105.99,1.3102,1.1869,125.8
14-Aug-20,1.3266,0.7171,106.59,1.3084,1.1841,126.21
13-Aug-20,1.322,0.7148,106.92,1.3063,1.1812,126.29
12-Aug-20,1.3244,0.7162,106.89,1.3032,1.1782,125.94
11-Aug-20,1.33,0.7142,106.48,1.3048,1.1739,125
10-Aug-20,1.335,0.7149,105.95,1.307,1.1736,124.34
7-Aug-20,1.3383,0.7157,105.91,1.3051,1.1786,124.83
6-Aug-20,1.3304,0.7233,105.54,1.3146,1.1875,125.33
5-Aug-20,1.3264,0.7191,105.57,1.3112,1.1861,125.22
4-Aug-20,1.3317,0.716,105.7,1.306,1.18,124.74
3-Aug-20,1.3389,0.7123,105.94,1.3072,1.1761,124.6
31-Jul-20,1.3413,0.7142,105.88,1.3088,1.1774,124.66
30-Jul-20,1.3422,0.7193,104.72,1.3093,1.1846,124.05
29-Jul-20,1.334,0.7186,104.91,1.2995,1.179,123.69
28-Jul-20,1.3376,0.7157,105.08,1.293,1.1714,123.09
27-Jul-20,1.3354,0.7149,105.37,1.2881,1.1751,123.82
24-Jul-20,1.3413,0.7103,106.12,1.2789,1.1654,123.66
23-Jul-20,1.3408,0.7097,106.85,1.2739,1.1594,123.88
22-Jul-20,1.3415,0.7138,107.14,1.2732,1.1568,123.94
21-Jul-20,1.3457,0.7127,106.76,1.2728,1.1526,123.08
20-Jul-20,1.3533,0.7013,107.24,1.266,1.1444,122.73
17-Jul-20,1.3576,0.6995,106.99,1.2565,1.1426,122.25
16-Jul-20,1.357,0.6969,107.26,1.2549,1.1383,122.09
15-Jul-20,1.3508,0.7007,106.92,1.258,1.141,121.98
14-Jul-20,1.3612,0.6974,107.23,1.2548,1.1396,122.2
13-Jul-20,1.3608,0.6939,107.26,1.2552,1.134,121.67
10-Jul-20,1.3591,0.6948,106.89,1.262,1.1298,120.76
9-Jul-20,1.3584,0.6963,107.19,1.2604,1.1281,120.95
8-Jul-20,1.351,0.6982,107.25,1.2609,1.1329,121.5
7-Jul-20,1.3602,0.6946,107.51,1.254,1.127,121.16
6-Jul-20,1.3536,0.6973,107.35,1.2491,1.1308,121.39
3-Jul-20,1.3545,0.6937,107.5,1.2483,1.1248,120.92
2-Jul-20,1.3563,0.6922,107.48,1.2466,1.1238,120.8
1-Jul-20,1.3585,0.6914,107.46,1.247,1.125,120.89
30-Jun-20,1.3573,0.6902,107.92,1.2399,1.1231,121.2
29-Jun-20,1.3657,0.6864,107.56,1.2296,1.124,120.9
26-Jun-20,1.3688,0.686,107.21,1.2333,1.1217,120.26
25-Jun-20,1.3636,0.6885,107.19,1.2414,1.1217,120.22
24-Jun-20,1.3637,0.6872,107.02,1.2418,1.125,120.41
23-Jun-20,1.3545,0.6929,106.51,1.2518,1.1306,120.42
22-Jun-20,1.352,0.6905,106.87,1.2461,1.1258,120.31
19-Jun-20,1.3603,0.6832,106.87,1.2356,1.1175,119.43
18-Jun-20,1.3599,0.6851,106.96,1.2424,1.1202,119.82
17-Jun-20,1.3563,0.6883,107,1.2554,1.1243,120.3
16-Jun-20,1.3542,0.6884,107.32,1.2574,1.1263,120.86
15-Jun-20,1.357,0.6918,107.31,1.2602,1.1322,121.49
12-Jun-20,1.3583,0.6862,107.34,1.254,1.1254,120.8
11-Jun-20,1.3624,0.6854,106.85,1.26,1.1297,120.71
10-Jun-20,1.3411,0.6997,107.09,1.2745,1.1369,121.75
9-Jun-20,1.3414,0.6961,107.72,1.2729,1.134,122.12
8-Jun-20,1.3382,0.7019,108.42,1.2722,1.1292,122.43
5-Jun-20,1.3424,0.6968,109.58,1.2663,1.1284,123.65
4-Jun-20,1.3498,0.6942,109.13,1.2594,1.1336,123.71
3-Jun-20,1.3493,0.6919,108.89,1.2572,1.1232,122.31
2-Jun-20,1.3516,0.6894,108.66,1.2549,1.1169,121.36
1-Jun-20,1.3571,0.6797,107.58,1.2492,1.1134,119.78
29-May-20,1.3769,0.6666,107.77,1.2344,1.1098,119.64
28-May-20,1.3761,0.6635,107.63,1.2316,1.1076,119.23
27-May-20,1.375,0.662,107.71,1.225,1.1003,118.51
26-May-20,1.3777,0.6651,107.52,1.2331,1.098,118.06
25-May-20,1.3984,0.6544,107.69,1.2182,1.0899,117.37
22-May-20,1.3994,0.6535,107.61,1.2164,1.09,117.28
21-May-20,1.3952,0.6564,107.61,1.2222,1.0949,117.82
20-May-20,1.39,0.6597,107.51,1.2239,1.0977,118.01
19-May-20,1.3941,0.6536,107.68,1.2251,1.0921,117.6
18-May-20,1.3934,0.6523,107.33,1.2189,1.0912,117.09
15-May-20,1.4108,0.6414,107.02,1.2104,1.0815,115.74
14-May-20,1.4048,0.6461,107.24,1.2226,1.0804,115.86
13-May-20,1.4099,0.6454,107.02,1.2229,1.0816,115.75
12-May-20,1.4077,0.6469,107.13,1.2259,1.0846,116.19
11-May-20,1.4006,0.6488,107.66,1.2335,1.0806,116.34
8-May-20,1.3925,0.6529,106.65,1.2407,1.084,115.61
7-May-20,1.397,0.6494,106.27,1.2361,1.0832,115.11
6-May-20,1.4143,0.64,106.14,1.2341,1.0794,114.57
5-May-20,1.4045,0.643,106.58,1.2434,1.0838,115.49
4-May-20,1.4083,0.6426,106.73,1.2442,1.0906,116.4
1-May-20,1.4084,0.6418,106.93,1.2502,1.0983,117.37
30-Apr-20,1.3941,0.651,107.17,1.2592,1.0955,117.4
29-Apr-20,1.3877,0.6555,106.7,1.2464,1.0873,116.01
28-Apr-20,1.3993,0.649,106.86,1.2421,1.0818,115.6
27-Apr-20,1.4029,0.6464,107.22,1.2428,1.0828,116.1
24-Apr-20,1.4102,0.6385,107.5,1.2367,1.082,116.32
23-Apr-20,1.4071,0.6369,107.58,1.2342,1.0776,115.93
22-Apr-20,1.4159,0.6323,107.72,1.2332,1.0822,116.57
21-Apr-20,1.4207,0.628,107.76,1.2293,1.0856,116.98
20-Apr-20,1.4145,0.6335,107.61,1.2435,1.0862,116.89
17-Apr-20,1.3998,0.6364,107.51,1.2499,1.0876,116.88
16-Apr-20,1.4079,0.6328,107.94,1.2455,1.0835,116.95
15-Apr-20,1.4111,0.6318,107.47,1.2514,1.0907,117.22
14-Apr-20,1.3881,0.644,107.2,1.2623,1.0979,117.69
13-Apr-20,1.3902,0.6381,107.76,1.2507,1.0913,117.59
10-Apr-20,1.3952,0.635,108.46,1.2452,1.0935,118.56
9-Apr-20,1.3973,0.6337,108.46,1.2455,1.0927,118.51
8-Apr-20,1.4012,0.6226,108.81,1.2385,1.0856,118.12
7-Apr-20,1.3993,0.6166,108.7,1.2337,1.0889,118.39
6-Apr-20,1.4109,0.6086,109.2,1.2229,1.0791,117.84
3-Apr-20,1.4201,0.5995,108.45,1.226,1.0808,117.21
2-Apr-20,1.4131,0.6059,107.9,1.2392,1.0856,117.14
1-Apr-20,1.4188,0.607,107.15,1.2376,1.0962,117.46
31-Mar-20,1.4059,0.6135,107.53,1.2418,1.1029,118.59
30-Mar-20,1.4169,0.6172,107.81,1.2416,1.1046,119.11
27-Mar-20,1.3977,0.6165,107.89,1.2456,1.114,120.19
26-Mar-20,1.4016,0.6063,109.58,1.2201,1.1028,120.84
25-Mar-20,1.419,0.5958,111.19,1.1885,1.088,120.97
24-Mar-20,1.4459,0.5957,111.21,1.1757,1.0787,119.96
23-Mar-20,1.4496,0.5827,111.2,1.1548,1.0721,119.22
20-Mar-20,1.4362,0.5798,110.8,1.1641,1.0694,118.49
19-Mar-20,1.451,0.5741,110.69,1.1485,1.069,118.33
18-Mar-20,1.4503,0.5771,108.06,1.1613,1.0913,117.93
17-Mar-20,1.4199,0.5998,107.67,1.205,1.0996,118.39
16-Mar-20,1.4016,0.6117,105.85,1.2266,1.1181,118.35
13-Mar-20,1.3803,0.6182,107.91,1.2276,1.1105,119.83
12-Mar-20,1.3926,0.6234,104.63,1.2571,1.1183,117.01
11-Mar-20,1.3776,0.6484,104.53,1.282,1.1267,117.77
10-Mar-20,1.3722,0.6505,105.63,1.2906,1.1279,119.14
9-Mar-20,1.3701,0.6586,102.34,1.3131,1.1447,117.15
6-Mar-20,1.3423,0.6651,105.3,1.3047,1.1285,118.83
5-Mar-20,1.3405,0.6613,106.16,1.2954,1.1239,119.3
4-Mar-20,1.3384,0.6626,107.52,1.287,1.1134,119.71
3-Mar-20,1.3385,0.6582,107.12,1.281,1.1171,119.66
2-Mar-20,1.3322,0.6539,108.3,1.275,1.1132,120.56
28-Feb-20,1.3396,0.6509,108.07,1.282,1.1025,119.15
27-Feb-20,1.3388,0.6568,109.58,1.2884,1.0998,120.52
26-Feb-20,1.333,0.6543,110.42,1.2903,1.0879,120.13
25-Feb-20,1.3277,0.6602,110.18,1.3004,1.0879,119.88
24-Feb-20,1.3292,0.6604,110.71,1.2927,1.0852,120.14
21-Feb-20,1.3222,0.6627,111.57,1.2969,1.0843,120.98
20-Feb-20,1.3259,0.6615,112.11,1.2879,1.0783,120.88
19-Feb-20,1.3218,0.6675,111.35,1.2919,1.0804,120.3
18-Feb-20,1.3256,0.6684,109.86,1.2998,1.0791,118.55
17-Feb-20,1.3234,0.6713,109.88,1.3006,1.0834,119.04
14-Feb-20,1.3252,0.6713,109.74,1.3046,1.083,118.85
13-Feb-20,1.3267,0.6718,109.81,1.3045,1.084,119.03
12-Feb-20,1.3249,0.6737,110.08,1.296,1.0871,119.67
11-Feb-20,1.3286,0.6713,109.77,1.2951,1.0914,119.8
10-Feb-20,1.3315,0.6686,109.74,1.2913,1.0909,119.75
7-Feb-20,1.3311,0.6672,109.72,1.2891,1.0943,120.07
6-Feb-20,1.3284,0.673,109.99,1.2928,1.098,120.77
5-Feb-20,1.3278,0.6745,109.8,1.3,1.0997,120.75
4-Feb-20,1.3272,0.6737,109.51,1.3029,1.1042,120.93
3-Feb-20,1.3284,0.6691,108.67,1.2993,1.1058,120.17
31-Jan-20,1.3235,0.6691,108.38,1.3199,1.1093,120.23
30-Jan-20,1.3208,0.6719,108.95,1.3094,1.103,120.17
29-Jan-20,1.3196,0.6753,108.99,1.302,1.1009,119.99
28-Jan-20,1.3155,0.6762,109.13,1.3027,1.102,120.26
27-Jan-20,1.3192,0.676,108.89,1.3053,1.1016,119.98
24-Jan-20,1.3142,0.6828,109.27,1.3076,1.1023,120.45
23-Jan-20,1.3122,0.6846,109.48,1.3121,1.1052,121
22-Jan-20,1.3134,0.6844,109.83,1.314,1.1091,121.81
21-Jan-20,1.3067,0.6844,109.86,1.3047,1.1082,121.75
20-Jan-20,1.3046,0.6872,110.18,1.3009,1.1094,122.23
17-Jan-20,1.3063,0.6872,110.14,1.3008,1.1088,122.12
16-Jan-20,1.304,0.6898,110.14,1.3076,1.1135,122.64
15-Jan-20,1.3041,0.6902,109.88,1.3036,1.1149,122.52
14-Jan-20,1.306,0.69,109.97,1.3017,1.1127,122.39
13-Jan-20,1.3056,0.6903,109.93,1.2988,1.1133,122.39
10-Jan-20,1.305,0.6901,109.46,1.3059,1.112,121.72
9-Jan-20,1.3054,0.6857,109.51,1.3065,1.1105,121.61
8-Jan-20,1.3037,0.6865,109.12,1.3097,1.1103,121.17
7-Jan-20,1.3003,0.6868,108.42,1.3123,1.1151,120.89
6-Jan-20,1.2963,0.6939,108.36,1.3167,1.1193,121.33
3-Jan-20,1.2999,0.6951,108.08,1.3086,1.1158,120.63
2-Jan-20,1.2978,0.6993,108.57,1.3144,1.117,121.27
1-Jan-20,1.2986,0.7017,108.7,1.3254,1.121,121.85
31-Dec-19,1.2986,0.7021,108.61,1.3259,1.121,121.75
30-Dec-19,1.3064,0.6994,108.86,1.3113,1.1197,121.89
27-Dec-19,1.3076,0.6977,109.41,1.3076,1.1175,122.27
26-Dec-19,1.3121,0.6945,109.63,1.2992,1.1096,121.65
25-Dec-19,1.316,0.6919,109.35,1.296,1.109,121.26
24-Dec-19,1.3165,0.692,109.39,1.2944,1.1087,121.28
23-Dec-19,1.3143,0.6922,109.39,1.2933,1.1086,121.26
20-Dec-19,1.3146,0.6898,109.44,1.3002,1.1078,121.24
19-Dec-19,1.3125,0.6884,109.37,1.3007,1.112,121.62
18-Dec-19,1.3113,0.6852,109.53,1.3076,1.1111,121.7
17-Dec-19,1.3158,0.685,109.47,1.3128,1.1149,122.05
16-Dec-19,1.315,0.6884,109.49,1.3329,1.1142,121.99
13-Dec-19,1.3165,0.6875,109.36,1.3325,1.1119,121.6
12-Dec-19,1.3182,0.6908,109.29,1.3162,1.1128,121.62
11-Dec-19,1.3171,0.6874,108.54,1.3193,1.1128,120.78
10-Dec-19,1.3225,0.6809,108.7,1.3154,1.1092,120.57
9-Dec-19,1.3237,0.6822,108.55,1.3143,1.1062,120.08
6-Dec-19,1.3255,0.6838,108.59,1.3135,1.1057,120.07
5-Dec-19,1.3173,0.6833,108.75,1.3155,1.1102,120.76
4-Dec-19,1.3199,0.6849,108.85,1.3103,1.1076,120.56
3-Dec-19,1.3294,0.6846,108.62,1.2992,1.1081,120.36
2-Dec-19,1.3308,0.6817,108.98,1.2936,1.1077,120.72
29-Nov-19,1.3275,0.6764,109.51,1.2933,1.1015,120.63
28-Nov-19,1.3277,0.6768,109.5,1.2911,1.1007,120.53
27-Nov-19,1.3281,0.6775,109.55,1.2921,1.0998,120.48
26-Nov-19,1.327,0.6787,109.03,1.2865,1.1018,120.13
25-Nov-19,1.3297,0.6777,108.9,1.2898,1.1013,119.93
22-Nov-19,1.3301,0.6786,108.64,1.283,1.1022,119.74
21-Nov-19,1.3285,0.6784,108.63,1.2913,1.1057,120.11
20-Nov-19,1.3303,0.6802,108.6,1.2922,1.1072,120.24
19-Nov-19,1.3266,0.6825,108.53,1.2922,1.1078,120.23
18-Nov-19,1.3206,0.6808,108.66,1.2952,1.107,120.29
15-Nov-19,1.3221,0.6819,108.73,1.2899,1.105,120.16
14-Nov-19,1.3245,0.6786,108.39,1.2881,1.1021,119.48
13-Nov-19,1.3249,0.6837,108.81,1.2849,1.1006,119.76
12-Nov-19,1.3231,0.684,109,1.2844,1.1007,119.98
11-Nov-19,1.3231,0.6849,109.04,1.2851,1.1032,120.29
8-Nov-19,1.3228,0.6859,109.27,1.277,1.1016,120.38
7-Nov-19,1.3169,0.6897,109.27,1.2813,1.1049,120.72
6-Nov-19,1.318,0.6882,108.96,1.285,1.1065,120.56
5-Nov-19,1.3154,0.6893,109.15,1.2882,1.1074,120.87
4-Nov-19,1.3149,0.6883,108.56,1.2882,1.1126,120.78
1-Nov-19,1.3134,0.6913,108.17,1.2934,1.1165,120.77
31-Oct-19,1.3159,0.6893,108.02,1.294,1.115,120.44
30-Oct-19,1.3156,0.6902,108.83,1.2901,1.1148,121.32
29-Oct-19,1.3085,0.6864,108.87,1.2865,1.111,120.95
28-Oct-19,1.305,0.6838,108.94,1.2862,1.1098,120.9
25-Oct-19,1.3058,0.6822,108.64,1.2821,1.1078,120.35
24-Oct-19,1.3071,0.6817,108.61,1.285,1.1104,120.6
23-Oct-19,1.3067,0.6853,108.68,1.2916,1.1129,120.95
22-Oct-19,1.3091,0.6855,108.47,1.2872,1.1124,120.66
21-Oct-19,1.3084,0.6866,108.59,1.2958,1.1148,121.06
18-Oct-19,1.3124,0.6855,108.42,1.2971,1.1169,121.09
17-Oct-19,1.3135,0.6823,108.65,1.2888,1.1122,120.84
16-Oct-19,1.3201,0.6756,108.75,1.283,1.107,120.39
15-Oct-19,1.3197,0.6752,108.84,1.2786,1.1031,120.06
14-Oct-19,1.3231,0.6774,108.38,1.2606,1.1028,119.53
11-Oct-19,1.3196,0.6787,108.4,1.2647,1.104,119.67
10-Oct-19,1.329,0.6761,107.96,1.244,1.1004,118.8
9-Oct-19,1.333,0.6723,107.46,1.2204,1.0969,117.87
8-Oct-19,1.3324,0.6728,107.07,1.2217,1.0954,117.28
7-Oct-19,1.3307,0.6731,107.28,1.229,1.097,117.69
4-Oct-19,1.3313,0.6768,106.93,1.2332,1.0976,117.37
3-Oct-19,1.3335,0.6741,106.9,1.2328,1.0964,117.21
2-Oct-19,1.3321,0.6703,107.17,1.23,1.0958,117.44
1-Oct-19,1.3218,0.6702,107.74,1.2301,1.093,117.76
30-Sep-19,1.3239,0.6749,108.06,1.2287,1.0898,117.79
27-Sep-19,1.3244,0.6765,107.92,1.2288,1.0938,118.04
26-Sep-19,1.3268,0.6748,107.82,1.2322,1.0921,117.75
25-Sep-19,1.3266,0.675,107.76,1.2349,1.0941,117.9
24-Sep-19,1.324,0.6799,107.05,1.2488,1.1018,117.95
23-Sep-19,1.3261,0.6773,107.54,1.2429,1.0991,118.19
20-Sep-19,1.3259,0.6768,107.55,1.2477,1.1017,118.49
19-Sep-19,1.326,0.6789,108,1.2524,1.104,119.23
18-Sep-19,1.3284,0.6827,108.44,1.2468,1.1029,119.6
17-Sep-19,1.3241,0.6864,108.12,1.25,1.1071,119.7
16-Sep-19,1.3235,0.6864,108.12,1.2428,1.1,118.93
13-Sep-19,1.3283,0.6877,108.07,1.25,1.1073,119.67
12-Sep-19,1.3209,0.6866,108.09,1.2332,1.1061,119.56
11-Sep-19,1.3191,0.6861,107.81,1.2326,1.1009,118.69
10-Sep-19,1.3149,0.6859,107.53,1.2346,1.1043,118.75
9-Sep-19,1.3166,0.6861,107.23,1.2345,1.1046,118.45
6-Sep-19,1.317,0.6846,106.9,1.2281,1.1027,117.88
5-Sep-19,1.3227,0.6813,106.92,1.2329,1.1033,117.99
4-Sep-19,1.3222,0.6796,106.38,1.225,1.1033,117.38
3-Sep-19,1.3332,0.6757,105.92,1.2084,1.0972,116.22
2-Sep-19,1.3325,0.6713,106.21,1.2066,1.0966,116.47
30-Aug-19,1.331,0.6736,106.29,1.2156,1.0989,116.8
29-Aug-19,1.3284,0.6724,106.5,1.2188,1.1055,117.74
28-Aug-19,1.3305,0.6733,106.11,1.2209,1.1077,117.54
27-Aug-19,1.328,0.6751,105.72,1.2287,1.109,117.24
26-Aug-19,1.3253,0.6774,106.12,1.2215,1.11,117.79
23-Aug-19,1.3278,0.6754,105.39,1.2277,1.1144,117.45
22-Aug-19,1.3302,0.6756,106.42,1.225,1.1078,117.89
21-Aug-19,1.3289,0.678,106.61,1.2126,1.1083,118.16
20-Aug-19,1.3314,0.6776,106.22,1.2168,1.1099,117.89
19-Aug-19,1.3323,0.6762,106.62,1.2125,1.1076,118.09
16-Aug-19,1.327,0.678,106.36,1.2149,1.1089,117.94
15-Aug-19,1.3308,0.6775,106.11,1.2084,1.1106,117.84
14-Aug-19,1.3317,0.6747,105.89,1.2059,1.1138,117.94
13-Aug-19,1.3221,0.68,106.73,1.2058,1.1169,119.21
12-Aug-19,1.3238,0.6752,105.29,1.2073,1.1212,118.04
9-Aug-19,1.3226,0.6787,105.66,1.2034,1.1198,118.32
8-Aug-19,1.3224,0.68,106.06,1.2131,1.1178,118.55
7-Aug-19,1.33,0.6755,106.26,1.214,1.1197,118.98
6-Aug-19,1.3278,0.676,106.47,1.2166,1.1198,119.23
5-Aug-19,1.3213,0.6756,105.94,1.2141,1.1202,118.67
2-Aug-19,1.3204,0.6799,106.58,1.2154,1.1107,118.38
1-Aug-19,1.3211,0.6799,107.33,1.2131,1.1083,118.95
31-Jul-19,1.3189,0.6844,108.74,1.2157,1.1074,120.42
30-Jul-19,1.3146,0.6871,108.59,1.2149,1.1153,121.11
29-Jul-19,1.3161,0.6901,108.77,1.2217,1.1144,121.21
26-Jul-19,1.3166,0.6908,108.66,1.238,1.1125,120.88
25-Jul-19,1.3161,0.695,108.62,1.2454,1.1145,121.07
24-Jul-19,1.3139,0.6976,108.17,1.2481,1.1139,120.49
23-Jul-19,1.3132,0.7004,108.21,1.2436,1.1151,120.68
22-Jul-19,1.3118,0.7034,107.86,1.2474,1.1208,120.89
19-Jul-19,1.306,0.7042,107.7,1.25,1.122,120.84
18-Jul-19,1.3025,0.7075,107.29,1.2546,1.1275,120.96
17-Jul-19,1.3047,0.7009,107.94,1.2431,1.1223,121.14
16-Jul-19,1.3086,0.7012,108.22,1.2403,1.1209,121.3
15-Jul-19,1.3047,0.7039,107.9,1.2514,1.1257,121.46
12-Jul-19,1.3029,0.7017,107.89,1.2573,1.1269,121.58
11-Jul-19,1.3072,0.6973,108.48,1.2519,1.1252,122.07
10-Jul-19,1.308,0.6957,108.46,1.2499,1.1249,122.01
9-Jul-19,1.3125,0.6927,108.84,1.2465,1.1206,121.97
8-Jul-19,1.3092,0.697,108.71,1.251,1.1214,121.89
5-Jul-19,1.3075,0.6979,108.45,1.2523,1.1224,121.71
4-Jul-19,1.305,0.7019,107.79,1.2576,1.1284,121.63
3-Jul-19,1.3053,0.7028,107.82,1.2571,1.1277,121.59
2-Jul-19,1.3104,0.6994,107.88,1.2591,1.1283,121.72
1-Jul-19,1.3134,0.6965,108.43,1.2638,1.1285,122.36
28-Jun-19,1.309,0.702,107.88,1.2693,1.1368,122.64
27-Jun-19,1.3095,0.7008,107.78,1.2675,1.1368,122.54
26-Jun-19,1.3125,0.6983,107.77,1.2688,1.1368,122.51
25-Jun-19,1.3167,0.6957,107.17,1.2697,1.1365,121.79
24-Jun-19,1.3177,0.6961,107.28,1.2739,1.1396,122.28
21-Jun-19,1.3221,0.6923,107.3,1.274,1.1366,121.96
20-Jun-19,1.3189,0.6922,107.29,1.2699,1.1291,121.14
19-Jun-19,1.3278,0.6881,108.09,1.2639,1.1224,121.32
18-Jun-19,1.3376,0.6876,108.44,1.2556,1.1191,121.36
17-Jun-19,1.3411,0.6852,108.55,1.2532,1.1217,121.76
14-Jun-19,1.3411,0.6872,108.55,1.259,1.1207,121.65
13-Jun-19,1.3324,0.6913,108.37,1.2672,1.1275,122.19
12-Jun-19,1.3341,0.6928,108.49,1.2686,1.1287,122.45
11-Jun-19,1.3279,0.696,108.5,1.2722,1.1329,122.92
10-Jun-19,1.3265,0.6961,108.43,1.2683,1.1312,122.66
7-Jun-19,1.3265,0.6998,108.18,1.2734,1.1331,122.58
6-Jun-19,1.3361,0.6976,108.4,1.2699,1.1274,122.21
5-Jun-19,1.3412,0.6969,108.45,1.2684,1.1219,121.67
4-Jun-19,1.339,0.699,108.14,1.2696,1.1251,121.67
3-Jun-19,1.3433,0.6976,108.06,1.2663,1.124,121.46
31-May-19,1.3512,0.6938,108.26,1.2631,1.1167,121.05
30-May-19,1.3498,0.6911,109.6,1.2606,1.113,121.98
29-May-19,1.3519,0.6917,109.58,1.2625,1.1129,121.96
28-May-19,1.349,0.6922,109.36,1.2652,1.116,122.05
27-May-19,1.3441,0.6917,109.5,1.2677,1.1196,122.6
24-May-19,1.3436,0.6923,109.29,1.2712,1.1202,122.43
23-May-19,1.3472,0.6899,109.59,1.2654,1.118,122.52
22-May-19,1.3429,0.688,110.34,1.2661,1.1152,123.05
21-May-19,1.3405,0.6883,110.49,1.2705,1.1158,123.28
20-May-19,1.3426,0.6906,110.05,1.2726,1.117,122.9
17-May-19,1.3455,0.6868,110.07,1.2718,1.1156,122.83
16-May-19,1.3457,0.6892,109.84,1.2795,1.1172,122.71
15-May-19,1.3437,0.6927,109.58,1.2848,1.12,122.73
14-May-19,1.3459,0.6941,109.59,1.2904,1.1203,122.85
13-May-19,1.3475,0.6943,109.3,1.2955,1.1223,122.67
10-May-19,1.3412,0.7,109.94,1.2999,1.1233,123.5
9-May-19,1.3477,0.6988,109.75,1.3013,1.122,123.1
8-May-19,1.3477,0.6988,110.1,1.3006,1.1191,123.21
7-May-19,1.3472,0.7011,110.24,1.3074,1.119,123.36
6-May-19,1.3446,0.6989,110.76,1.3095,1.1197,124.02
3-May-19,1.342,0.7023,111.09,1.3171,1.12,124.42
2-May-19,1.3472,0.7,111.5,1.3034,1.1176,124.61
1-May-19,1.3441,0.7013,111.37,1.3049,1.1194,124.67
30-Apr-19,1.3386,0.7048,111.41,1.3031,1.1215,124.96
29-Apr-19,1.3456,0.7055,111.63,1.2936,1.1185,124.85
26-Apr-19,1.3453,0.7039,111.58,1.2917,1.1148,124.39
25-Apr-19,1.3485,0.7013,111.62,1.2897,1.113,124.23
24-Apr-19,1.3489,0.7015,112.17,1.29,1.1152,125.09
23-Apr-19,1.3422,0.7101,111.86,1.2937,1.1225,125.56
22-Apr-19,1.3342,0.7133,111.93,1.2982,1.1255,125.99
19-Apr-19,1.339,0.7152,111.91,1.2988,1.1246,125.85
18-Apr-19,1.3374,0.715,111.96,1.2996,1.1229,125.72
17-Apr-19,1.3338,0.7178,112.05,1.3043,1.1294,126.55
16-Apr-19,1.3349,0.7175,111.99,1.3048,1.128,126.32
15-Apr-19,1.3362,0.7173,112.03,1.3097,1.1307,126.67
12-Apr-19,1.332,0.7171,112.02,1.3081,1.13,126.58
11-Apr-19,1.3384,0.7123,111.65,1.3054,1.125,125.61
10-Apr-19,1.332,0.717,111,1.3089,1.1273,125.13
9-Apr-19,1.3328,0.7122,111.12,1.306,1.1261,125.15
8-Apr-19,1.3313,0.7126,111.47,1.3062,1.1259,125.5
5-Apr-19,1.3382,0.7105,111.73,1.3036,1.1214,125.29
4-Apr-19,1.3358,0.7111,111.65,1.3077,1.122,125.27
3-Apr-19,1.3343,0.7112,111.47,1.3159,1.1234,125.23
2-Apr-19,1.3337,0.707,111.31,1.3127,1.1202,124.7
1-Apr-19,1.3306,0.7111,111.34,1.3099,1.1212,124.83
29-Mar-19,1.3344,0.7094,110.84,1.3031,1.1217,124.33
28-Mar-19,1.3437,0.7075,110.64,1.3043,1.122,124.19
27-Mar-19,1.3409,0.7084,110.52,1.3189,1.1247,124.22
26-Mar-19,1.3381,0.7134,110.64,1.3207,1.1264,124.6
25-Mar-19,1.3401,0.7111,109.97,1.3202,1.1311,124.36
22-Mar-19,1.3426,0.7082,109.92,1.3209,1.1313,124.34
21-Mar-19,1.3358,0.7111,110.81,1.3107,1.1373,126
20-Mar-19,1.3304,0.7115,110.69,1.3196,1.1411,126.3
19-Mar-19,1.3319,0.7087,111.39,1.3267,1.1349,126.39
18-Mar-19,1.3334,0.7102,111.42,1.3255,1.1336,126.31
15-Mar-19,1.3334,0.7087,111.47,1.3289,1.1325,126.22
14-Mar-19,1.3333,0.7064,111.72,1.3239,1.1302,126.24
13-Mar-19,1.3304,0.7093,111.17,1.3337,1.1325,125.88
12-Mar-19,1.3352,0.708,111.36,1.3073,1.1286,125.67
11-Mar-19,1.3389,0.7069,111.2,1.3151,1.1247,125.07
8-Mar-19,1.3413,0.7045,111.17,1.3015,1.124,124.95
7-Mar-19,1.3453,0.7013,111.59,1.3084,1.1194,124.92
6-Mar-19,1.344,0.7032,111.77,1.3169,1.1307,126.37
5-Mar-19,1.3345,0.7082,111.89,1.3175,1.1308,126.53
4-Mar-19,1.3302,0.7092,111.75,1.3186,1.134,126.72
1-Mar-19,1.3295,0.708,111.92,1.3202,1.1377,127.33
28-Feb-19,1.3166,0.7094,111.39,1.3261,1.1371,126.66
27-Feb-19,1.3154,0.7138,111,1.3308,1.1369,126.19
26-Feb-19,1.3166,0.7186,110.58,1.325,1.1387,126.03
25-Feb-19,1.3188,0.7165,111.06,1.3095,1.1359,126.16
22-Feb-19,1.3136,0.7127,110.69,1.3052,1.1343,125.56
21-Feb-19,1.323,0.7092,110.7,1.3049,1.1336,125.5
20-Feb-19,1.3174,0.7163,110.86,1.3049,1.1337,125.68
19-Feb-19,1.3206,0.7163,110.62,1.3062,1.1341,125.46
18-Feb-19,1.3239,0.713,110.62,1.2921,1.1311,125.12
15-Feb-19,1.3243,0.7139,110.5,1.2889,1.1295,124.75
14-Feb-19,1.3293,0.7105,110.48,1.2811,1.1301,124.79
13-Feb-19,1.3252,0.7088,111,1.2844,1.1267,125
12-Feb-19,1.3235,0.7093,110.48,1.289,1.1325,125.13
11-Feb-19,1.3304,0.7059,110.38,1.2849,1.1276,124.46
8-Feb-19,1.3276,0.7088,109.73,1.2947,1.133,124.33
7-Feb-19,1.3306,0.7099,109.81,1.2953,1.1341,124.61
6-Feb-19,1.3212,0.7103,109.97,1.2932,1.1362,124.94
5-Feb-19,1.3124,0.7234,109.97,1.2942,1.1415,125.52
4-Feb-19,1.311,0.7224,109.89,1.3035,1.1438,125.71
1-Feb-19,1.3098,0.7249,109.5,1.3083,1.1456,125.44
31-Jan-19,1.3124,0.7272,108.88,1.31,1.1446,124.64
30-Jan-19,1.3149,0.7246,109.03,1.3116,1.1479,125.16
29-Jan-19,1.3267,0.7153,109.39,1.3066,1.1432,125.06
28-Jan-19,1.3264,0.7165,109.36,1.3162,1.1434,124.95
25-Jan-19,1.3219,0.7182,109.55,1.3201,1.1415,124.97
24-Jan-19,1.3349,0.7094,109.64,1.3064,1.1306,123.97
23-Jan-19,1.334,0.7141,109.6,1.3067,1.1381,124.73
22-Jan-19,1.3354,0.7122,109.38,1.2957,1.1359,124.24
21-Jan-19,1.3292,0.7158,109.67,1.289,1.1366,124.66
18-Jan-19,1.3259,0.7167,109.78,1.2873,1.1363,124.74
17-Jan-19,1.3277,0.7191,109.24,1.2984,1.1398,124.47
16-Jan-19,1.3255,0.7166,109.09,1.2881,1.14,124.36
15-Jan-19,1.3265,0.72,108.67,1.2858,1.1417,124.03
14-Jan-19,1.3286,0.7195,108.17,1.2863,1.1477,124.14
11-Jan-19,1.3266,0.7215,108.55,1.2841,1.1469,124.5
10-Jan-19,1.3236,0.7185,108.42,1.2747,1.15,124.69
9-Jan-19,1.3209,0.717,108.17,1.2788,1.1543,124.84
8-Jan-19,1.3274,0.7139,108.75,1.2717,1.1442,124.42
7-Jan-19,1.3298,0.7147,108.72,1.2778,1.1476,124.75
4-Jan-19,1.3374,0.7112,108.53,1.2726,1.1395,123.67
3-Jan-19,1.3489,0.7005,107.67,1.2631,1.1394,122.67
2-Jan-19,1.3578,0.6984,108.88,1.2607,1.1343,123.51
1-Jan-19,1.3639,0.7052,109.72,1.2751,1.1464,125.78
